{
 "type": "FeatureCollection",
 "features": [
  {
   "type": "Feature",
   "geometry": {
    "type": "Polygon",
    "coordinates": [
     [
      [
       -75.952554,
       4.773359
      ],
      [
       -75.952323,
       4.772981
      ],
      [
       -75.952083,
       4.77317
      ],
      [
       -75.951803,
       4.772769
      ],
      [
       -75.951743,
       4.772823
      ],
      [
       -75.95156,
       4.772573
      ],
      [
       -75.951585,
       4.772555
      ],
      [
       -75.951443,
       4.77234
      ],
      [
       -75.951405,
       4.772187
      ],
      [
       -75.951144,
       4.771894
      ],
      [
       -75.95104,
       4.771844
      ],
      [
       -75.950967,
       4.771973
      ],
      [
       -75.950505,
       4.77208
      ],
      [
       -75.949994,
       4.77154
      ],
      [
       -75.949785,
       4.771445
      ],
      [
       -75.949527,
       4.771127
      ],
      [
       -75.949017,
       4.770827
      ],
      [
       -75.949078,
       4.770698
      ],
      [
       -75.949015,
       4.770659
      ],
      [
       -75.949514,
       4.76972
      ],
      [
       -75.949477,
       4.769698
      ],
      [
       -75.949583,
       4.76962
      ],
      [
       -75.949529,
       4.769508
      ],
      [
       -75.949573,
       4.769455
      ],
      [
       -75.949207,
       4.768986
      ],
      [
       -75.948282,
       4.768086
      ],
      [
       -75.947657,
       4.767751
      ],
      [
       -75.946998,
       4.767539
      ],
      [
       -75.946334,
       4.767033
      ],
      [
       -75.94628,
       4.766854
      ],
      [
       -75.94513,
       4.766627
      ],
      [
       -75.944883,
       4.766323
      ],
      [
       -75.944051,
       4.765918
      ],
      [
       -75.943236,
       4.765442
      ],
      [
       -75.943151,
       4.765462
      ],
      [
       -75.942393,
       4.766806
      ],
      [
       -75.940892,
       4.765827
      ],
      [
       -75.941658,
       4.764584
      ],
      [
       -75.941632,
       4.764535
      ],
      [
       -75.940826,
       4.764134
      ],
      [
       -75.94048,
       4.764439
      ],
      [
       -75.940016,
       4.76406
      ],
      [
       -75.939949,
       4.764139
      ],
      [
       -75.939509,
       4.763723
      ],
      [
       -75.938275,
       4.764781
      ],
      [
       -75.938761,
       4.764892
      ],
      [
       -75.938696,
       4.765333
      ],
      [
       -75.938544,
       4.765374
      ],
      [
       -75.93813,
       4.765324
      ],
      [
       -75.9379,
       4.765196
      ],
      [
       -75.935859,
       4.767366
      ],
      [
       -75.935304,
       4.766936
      ],
      [
       -75.935167,
       4.766943
      ],
      [
       -75.935157,
       4.767053
      ],
      [
       -75.934685,
       4.767048
      ],
      [
       -75.932846,
       4.767206
      ],
      [
       -75.933274,
       4.765917
      ],
      [
       -75.932613,
       4.7657
      ],
      [
       -75.932604,
       4.765732
      ],
      [
       -75.932246,
       4.765636
      ],
      [
       -75.932211,
       4.765793
      ],
      [
       -75.931916,
       4.765723
      ],
      [
       -75.931921,
       4.765618
      ],
      [
       -75.931844,
       4.765544
      ],
      [
       -75.931725,
       4.76552
      ],
      [
       -75.931503,
       4.765801
      ],
      [
       -75.931457,
       4.765761
      ],
      [
       -75.93074,
       4.767164
      ],
      [
       -75.92938,
       4.76561
      ],
      [
       -75.930183,
       4.764671
      ],
      [
       -75.930649,
       4.765039
      ],
      [
       -75.93103,
       4.763345
      ],
      [
       -75.931422,
       4.762536
      ],
      [
       -75.932335,
       4.761257
      ],
      [
       -75.930615,
       4.760206
      ],
      [
       -75.930135,
       4.760914
      ],
      [
       -75.929899,
       4.760753
      ],
      [
       -75.928625,
       4.760469
      ],
      [
       -75.928109,
       4.760731
      ],
      [
       -75.927934,
       4.761797
      ],
      [
       -75.927812,
       4.762329
      ],
      [
       -75.927711,
       4.762464
      ],
      [
       -75.926556,
       4.763335
      ],
      [
       -75.926392,
       4.763397
      ],
      [
       -75.925624,
       4.763433
      ],
      [
       -75.925388,
       4.763743
      ],
      [
       -75.925274,
       4.763758
      ],
      [
       -75.925128,
       4.763633
      ],
      [
       -75.924893,
       4.763554
      ],
      [
       -75.92461,
       4.76359
      ],
      [
       -75.924258,
       4.763563
      ],
      [
       -75.924326,
       4.763094
      ],
      [
       -75.92393,
       4.762101
      ],
      [
       -75.923461,
       4.760557
      ],
      [
       -75.923253,
       4.760259
      ],
      [
       -75.922735,
       4.759909
      ],
      [
       -75.92237,
       4.759809
      ],
      [
       -75.921652,
       4.759775
      ],
      [
       -75.920881,
       4.76
      ],
      [
       -75.920385,
       4.760221
      ],
      [
       -75.918898,
       4.761062
      ],
      [
       -75.91758,
       4.762032
      ],
      [
       -75.916584,
       4.763156
      ],
      [
       -75.916313,
       4.763377
      ],
      [
       -75.916013,
       4.763554
      ],
      [
       -75.915596,
       4.763697
      ],
      [
       -75.915152,
       4.763741
      ],
      [
       -75.914075,
       4.762793
      ],
      [
       -75.913477,
       4.762017
      ],
      [
       -75.912933,
       4.761446
      ],
      [
       -75.91299,
       4.760851
      ],
      [
       -75.913102,
       4.760609
      ],
      [
       -75.913444,
       4.760304
      ],
      [
       -75.914413,
       4.75962
      ],
      [
       -75.914698,
       4.759363
      ],
      [
       -75.915615,
       4.758158
      ],
      [
       -75.915774,
       4.758021
      ],
      [
       -75.91652,
       4.757759
      ],
      [
       -75.916693,
       4.757596
      ],
      [
       -75.916828,
       4.757385
      ],
      [
       -75.916918,
       4.757107
      ],
      [
       -75.916937,
       4.756942
      ],
      [
       -75.916814,
       4.756545
      ],
      [
       -75.916437,
       4.756145
      ],
      [
       -75.915904,
       4.755704
      ],
      [
       -75.915381,
       4.755392
      ],
      [
       -75.909085,
       4.752424
      ],
      [
       -75.90824,
       4.75212
      ],
      [
       -75.907735,
       4.752057
      ],
      [
       -75.905509,
       4.752386
      ],
      [
       -75.905305,
       4.752563
      ],
      [
       -75.904331,
       4.754027
      ],
      [
       -75.90328,
       4.755142
      ],
      [
       -75.899264,
       4.758079
      ],
      [
       -75.898103,
       4.758735
      ],
      [
       -75.897738,
       4.758818
      ],
      [
       -75.897302,
       4.75875
      ],
      [
       -75.896817,
       4.758531
      ],
      [
       -75.896448,
       4.757608
      ],
      [
       -75.896597,
       4.75726
      ],
      [
       -75.896775,
       4.7571
      ],
      [
       -75.897019,
       4.756966
      ],
      [
       -75.897224,
       4.757009
      ],
      [
       -75.897343,
       4.756832
      ],
      [
       -75.897431,
       4.756881
      ],
      [
       -75.897556,
       4.756676
      ],
      [
       -75.897235,
       4.755591
      ],
      [
       -75.897373,
       4.755512
      ],
      [
       -75.897504,
       4.755274
      ],
      [
       -75.897805,
       4.754957
      ],
      [
       -75.897685,
       4.754612
      ],
      [
       -75.89693,
       4.754697
      ],
      [
       -75.896154,
       4.75466
      ],
      [
       -75.896133,
       4.754578
      ],
      [
       -75.896559,
       4.754539
      ],
      [
       -75.896464,
       4.754099
      ],
      [
       -75.896349,
       4.753914
      ],
      [
       -75.896502,
       4.753692
      ],
      [
       -75.896399,
       4.753175
      ],
      [
       -75.896385,
       4.752825
      ],
      [
       -75.896324,
       4.752654
      ],
      [
       -75.896563,
       4.752497
      ],
      [
       -75.896776,
       4.752465
      ],
      [
       -75.897062,
       4.751633
      ],
      [
       -75.896835,
       4.751479
      ],
      [
       -75.896768,
       4.751307
      ],
      [
       -75.896697,
       4.75125
      ],
      [
       -75.896578,
       4.751255
      ],
      [
       -75.896402,
       4.751374
      ],
      [
       -75.895992,
       4.751141
      ],
      [
       -75.895702,
       4.751103
      ],
      [
       -75.895631,
       4.751022
      ],
      [
       -75.895621,
       4.750898
      ],
      [
       -75.896021,
       4.750456
      ],
      [
       -75.896692,
       4.750089
      ],
      [
       -75.896987,
       4.749761
      ],
      [
       -75.897181,
       4.749717
      ],
      [
       -75.897265,
       4.749604
      ],
      [
       -75.897455,
       4.749512
      ],
      [
       -75.897387,
       4.748673
      ],
      [
       -75.897309,
       4.748334
      ],
      [
       -75.897538,
       4.74823
      ],
      [
       -75.897809,
       4.748304
      ],
      [
       -75.897872,
       4.748264
      ],
      [
       -75.89775,
       4.747966
      ],
      [
       -75.897815,
       4.747797
      ],
      [
       -75.898333,
       4.747788
      ],
      [
       -75.89874,
       4.74752
      ],
      [
       -75.89885,
       4.747499
      ],
      [
       -75.899276,
       4.747606
      ],
      [
       -75.899862,
       4.747838
      ],
      [
       -75.901171,
       4.746451
      ],
      [
       -75.901522,
       4.745608
      ],
      [
       -75.901721,
       4.744399
      ],
      [
       -75.901661,
       4.74382
      ],
      [
       -75.901371,
       4.7421
      ],
      [
       -75.901169,
       4.741252
      ],
      [
       -75.900899,
       4.740984
      ],
      [
       -75.900741,
       4.740119
      ],
      [
       -75.901414,
       4.739006
      ],
      [
       -75.901792,
       4.738064
      ],
      [
       -75.902929,
       4.732894
      ],
      [
       -75.901961,
       4.73215
      ],
      [
       -75.901536,
       4.731619
      ],
      [
       -75.901317,
       4.731503
      ],
      [
       -75.901245,
       4.731261
      ],
      [
       -75.901393,
       4.730978
      ],
      [
       -75.901692,
       4.730738
      ],
      [
       -75.901601,
       4.730536
      ],
      [
       -75.901649,
       4.730346
      ],
      [
       -75.901925,
       4.73017
      ],
      [
       -75.902006,
       4.730036
      ],
      [
       -75.902391,
       4.728409
      ],
      [
       -75.903205,
       4.728485
      ],
      [
       -75.903281,
       4.728309
      ],
      [
       -75.903762,
       4.728152
      ],
      [
       -75.903885,
       4.728028
      ],
      [
       -75.9039,
       4.727881
      ],
      [
       -75.904644,
       4.728085
      ],
      [
       -75.904791,
       4.727936
      ],
      [
       -75.904947,
       4.727862
      ],
      [
       -75.90556,
       4.725343
      ],
      [
       -75.905037,
       4.725471
      ],
      [
       -75.904525,
       4.725341
      ],
      [
       -75.904359,
       4.724944
      ],
      [
       -75.904168,
       4.724791
      ],
      [
       -75.904143,
       4.724813
      ],
      [
       -75.903947,
       4.72457
      ],
      [
       -75.903576,
       4.724409
      ],
      [
       -75.903538,
       4.724478
      ],
      [
       -75.903141,
       4.724277
      ],
      [
       -75.903155,
       4.724004
      ],
      [
       -75.903431,
       4.723763
      ],
      [
       -75.903799,
       4.723297
      ],
      [
       -75.904171,
       4.723325
      ],
      [
       -75.904252,
       4.723264
      ],
      [
       -75.904399,
       4.722765
      ],
      [
       -75.903874,
       4.722711
      ],
      [
       -75.903824,
       4.722541
      ],
      [
       -75.904028,
       4.722405
      ],
      [
       -75.904309,
       4.722635
      ],
      [
       -75.9049,
       4.722638
      ],
      [
       -75.905291,
       4.722796
      ],
      [
       -75.905502,
       4.723066
      ],
      [
       -75.905712,
       4.723214
      ],
      [
       -75.905942,
       4.723224
      ],
      [
       -75.906669,
       4.7236
      ],
      [
       -75.907169,
       4.723778
      ],
      [
       -75.908387,
       4.722782
      ],
      [
       -75.90886,
       4.722948
      ],
      [
       -75.909431,
       4.722829
      ],
      [
       -75.90986,
       4.723895
      ],
      [
       -75.910107,
       4.723955
      ],
      [
       -75.910592,
       4.72396
      ],
      [
       -75.911484,
       4.72416
      ],
      [
       -75.911616,
       4.723846
      ],
      [
       -75.912015,
       4.723974
      ],
      [
       -75.91228,
       4.723992
      ],
      [
       -75.912654,
       4.723956
      ],
      [
       -75.913035,
       4.723775
      ],
      [
       -75.913516,
       4.723211
      ],
      [
       -75.91413,
       4.722388
      ],
      [
       -75.914132,
       4.722313
      ],
      [
       -75.91395,
       4.722277
      ],
      [
       -75.913113,
       4.721595
      ],
      [
       -75.912897,
       4.721351
      ],
      [
       -75.912616,
       4.721161
      ],
      [
       -75.912366,
       4.721101
      ],
      [
       -75.911853,
       4.721198
      ],
      [
       -75.911491,
       4.721444
      ],
      [
       -75.911259,
       4.721714
      ],
      [
       -75.910769,
       4.721267
      ],
      [
       -75.910529,
       4.720795
      ],
      [
       -75.910392,
       4.7207
      ],
      [
       -75.909981,
       4.720707
      ],
      [
       -75.909772,
       4.720618
      ],
      [
       -75.909747,
       4.720253
      ],
      [
       -75.910086,
       4.719948
      ],
      [
       -75.910122,
       4.719822
      ],
      [
       -75.91012,
       4.719176
      ],
      [
       -75.91025,
       4.718716
      ],
      [
       -75.910868,
       4.718176
      ],
      [
       -75.910951,
       4.718008
      ],
      [
       -75.91092,
       4.717578
      ],
      [
       -75.910967,
       4.71741
      ],
      [
       -75.910919,
       4.717153
      ],
      [
       -75.910764,
       4.716962
      ],
      [
       -75.910585,
       4.716921
      ],
      [
       -75.91037,
       4.71676
      ],
      [
       -75.910435,
       4.716425
      ],
      [
       -75.910303,
       4.716097
      ],
      [
       -75.910726,
       4.716224
      ],
      [
       -75.911033,
       4.715386
      ],
      [
       -75.911235,
       4.714979
      ],
      [
       -75.91155,
       4.714721
      ],
      [
       -75.911776,
       4.714595
      ],
      [
       -75.912098,
       4.714528
      ],
      [
       -75.912383,
       4.71433
      ],
      [
       -75.91259,
       4.713445
      ],
      [
       -75.915926,
       4.715284
      ],
      [
       -75.919007,
       4.716889
      ],
      [
       -75.919177,
       4.71339
      ],
      [
       -75.919536,
       4.712164
      ],
      [
       -75.920253,
       4.710152
      ],
      [
       -75.920403,
       4.709901
      ],
      [
       -75.920992,
       4.70917
      ],
      [
       -75.921308,
       4.708661
      ],
      [
       -75.922631,
       4.705755
      ],
      [
       -75.922365,
       4.705417
      ],
      [
       -75.922249,
       4.704689
      ],
      [
       -75.922187,
       4.704549
      ],
      [
       -75.921954,
       4.704268
      ],
      [
       -75.921434,
       4.703975
      ],
      [
       -75.920979,
       4.703531
      ],
      [
       -75.920951,
       4.702777
      ],
      [
       -75.921033,
       4.702099
      ],
      [
       -75.920832,
       4.701076
      ],
      [
       -75.920694,
       4.700696
      ],
      [
       -75.919458,
       4.700564
      ],
      [
       -75.918076,
       4.700091
      ],
      [
       -75.917809,
       4.700095
      ],
      [
       -75.917669,
       4.700162
      ],
      [
       -75.917639,
       4.700136
      ],
      [
       -75.917616,
       4.700265
      ],
      [
       -75.917731,
       4.700585
      ],
      [
       -75.917726,
       4.700719
      ],
      [
       -75.917588,
       4.700825
      ],
      [
       -75.917379,
       4.700897
      ],
      [
       -75.916925,
       4.700396
      ],
      [
       -75.916801,
       4.700333
      ],
      [
       -75.91674,
       4.700197
      ],
      [
       -75.91694,
       4.699575
      ],
      [
       -75.91694,
       4.699328
      ],
      [
       -75.916309,
       4.698867
      ],
      [
       -75.916294,
       4.698784
      ],
      [
       -75.916705,
       4.697847
      ],
      [
       -75.91683,
       4.697697
      ],
      [
       -75.918311,
       4.697588
      ],
      [
       -75.918367,
       4.697529
      ],
      [
       -75.918339,
       4.696202
      ],
      [
       -75.918621,
       4.696176
      ],
      [
       -75.918374,
       4.695389
      ],
      [
       -75.918286,
       4.694941
      ],
      [
       -75.918257,
       4.694575
      ],
      [
       -75.918348,
       4.69433
      ],
      [
       -75.918228,
       4.694198
      ],
      [
       -75.917875,
       4.694495
      ],
      [
       -75.917582,
       4.693926
      ],
      [
       -75.91743,
       4.693224
      ],
      [
       -75.917349,
       4.693231
      ],
      [
       -75.917327,
       4.693081
      ],
      [
       -75.917258,
       4.693084
      ],
      [
       -75.917241,
       4.692904
      ],
      [
       -75.917448,
       4.692894
      ],
      [
       -75.917433,
       4.692672
      ],
      [
       -75.918506,
       4.692578
      ],
      [
       -75.918532,
       4.692539
      ],
      [
       -75.917833,
       4.691997
      ],
      [
       -75.917465,
       4.691593
      ],
      [
       -75.917965,
       4.690937
      ],
      [
       -75.918431,
       4.691345
      ],
      [
       -75.918374,
       4.692354
      ],
      [
       -75.918841,
       4.692701
      ],
      [
       -75.919103,
       4.692083
      ],
      [
       -75.920923,
       4.692709
      ],
      [
       -75.920779,
       4.693247
      ],
      [
       -75.921131,
       4.693156
      ],
      [
       -75.921927,
       4.693283
      ],
      [
       -75.922159,
       4.692622
      ],
      [
       -75.922165,
       4.692277
      ],
      [
       -75.923362,
       4.692596
      ],
      [
       -75.923339,
       4.693498
      ],
      [
       -75.924074,
       4.693726
      ],
      [
       -75.92413,
       4.693225
      ],
      [
       -75.925031,
       4.693503
      ],
      [
       -75.925003,
       4.693644
      ],
      [
       -75.925529,
       4.693791
      ],
      [
       -75.925581,
       4.693651
      ],
      [
       -75.928577,
       4.694636
      ],
      [
       -75.928907,
       4.694671
      ],
      [
       -75.928953,
       4.694746
      ],
      [
       -75.930707,
       4.695475
      ],
      [
       -75.930188,
       4.696935
      ],
      [
       -75.933076,
       4.69805
      ],
      [
       -75.931221,
       4.69931
      ],
      [
       -75.931748,
       4.699563
      ],
      [
       -75.932644,
       4.699893
      ],
      [
       -75.931776,
       4.700114
      ],
      [
       -75.931282,
       4.700176
      ],
      [
       -75.93125,
       4.702112
      ],
      [
       -75.930526,
       4.702083
      ],
      [
       -75.930526,
       4.70088
      ],
      [
       -75.928725,
       4.700777
      ],
      [
       -75.928205,
       4.70223
      ],
      [
       -75.926164,
       4.707405
      ],
      [
       -75.925036,
       4.709375
      ],
      [
       -75.923901,
       4.711138
      ],
      [
       -75.923202,
       4.712344
      ],
      [
       -75.923116,
       4.712323
      ],
      [
       -75.922124,
       4.714521
      ],
      [
       -75.921789,
       4.71577
      ],
      [
       -75.920325,
       4.723301
      ],
      [
       -75.919726,
       4.725666
      ],
      [
       -75.91862,
       4.728286
      ],
      [
       -75.916907,
       4.732118
      ],
      [
       -75.917788,
       4.732465
      ],
      [
       -75.917471,
       4.733204
      ],
      [
       -75.917489,
       4.733244
      ],
      [
       -75.917747,
       4.73324
      ],
      [
       -75.918709,
       4.733408
      ],
      [
       -75.918809,
       4.733384
      ],
      [
       -75.918899,
       4.733267
      ],
      [
       -75.919023,
       4.732761
      ],
      [
       -75.919189,
       4.732656
      ],
      [
       -75.920017,
       4.732804
      ],
      [
       -75.921288,
       4.732685
      ],
      [
       -75.922968,
       4.732714
      ],
      [
       -75.92313,
       4.73269
      ],
      [
       -75.923862,
       4.732345
      ],
      [
       -75.924227,
       4.73205
      ],
      [
       -75.924713,
       4.731544
      ],
      [
       -75.925283,
       4.731922
      ],
      [
       -75.925193,
       4.732517
      ],
      [
       -75.925711,
       4.732683
      ],
      [
       -75.925437,
       4.734426
      ],
      [
       -75.924872,
       4.734343
      ],
      [
       -75.924771,
       4.73558
      ],
      [
       -75.923395,
       4.735639
      ],
      [
       -75.923275,
       4.737882
      ],
      [
       -75.922954,
       4.73997
      ],
      [
       -75.922977,
       4.740597
      ],
      [
       -75.922714,
       4.741054
      ],
      [
       -75.922818,
       4.741492
      ],
      [
       -75.922791,
       4.741535
      ],
      [
       -75.922909,
       4.741608
      ],
      [
       -75.922815,
       4.741748
      ],
      [
       -75.923256,
       4.742048
      ],
      [
       -75.923201,
       4.742131
      ],
      [
       -75.923555,
       4.742791
      ],
      [
       -75.923525,
       4.743139
      ],
      [
       -75.923621,
       4.743326
      ],
      [
       -75.923583,
       4.743944
      ],
      [
       -75.923687,
       4.74395
      ],
      [
       -75.923719,
       4.744297
      ],
      [
       -75.924154,
       4.744228
      ],
      [
       -75.924735,
       4.744551
      ],
      [
       -75.925415,
       4.744842
      ],
      [
       -75.925763,
       4.745275
      ],
      [
       -75.926605,
       4.745536
      ],
      [
       -75.927262,
       4.745869
      ],
      [
       -75.927329,
       4.74623
      ],
      [
       -75.927462,
       4.746382
      ],
      [
       -75.929057,
       4.746835
      ],
      [
       -75.929375,
       4.747247
      ],
      [
       -75.931099,
       4.747631
      ],
      [
       -75.931834,
       4.747895
      ],
      [
       -75.932455,
       4.747881
      ],
      [
       -75.933395,
       4.747937
      ],
      [
       -75.934077,
       4.747635
      ],
      [
       -75.934595,
       4.747616
      ],
      [
       -75.935138,
       4.747693
      ],
      [
       -75.936069,
       4.748134
      ],
      [
       -75.936371,
       4.748227
      ],
      [
       -75.936827,
       4.748247
      ],
      [
       -75.937202,
       4.748114
      ],
      [
       -75.937302,
       4.748128
      ],
      [
       -75.938138,
       4.748499
      ],
      [
       -75.938285,
       4.748637
      ],
      [
       -75.938723,
       4.749184
      ],
      [
       -75.938895,
       4.749686
      ],
      [
       -75.939273,
       4.749996
      ],
      [
       -75.940283,
       4.750507
      ],
      [
       -75.940765,
       4.750642
      ],
      [
       -75.941775,
       4.750705
      ],
      [
       -75.942611,
       4.750856
      ],
      [
       -75.943129,
       4.750809
      ],
      [
       -75.944003,
       4.750946
      ],
      [
       -75.94436,
       4.751029
      ],
      [
       -75.944848,
       4.751249
      ],
      [
       -75.946008,
       4.751624
      ],
      [
       -75.946139,
       4.751624
      ],
      [
       -75.94627,
       4.751558
      ],
      [
       -75.94674,
       4.751243
      ],
      [
       -75.946919,
       4.751042
      ],
      [
       -75.947783,
       4.750792
      ],
      [
       -75.948258,
       4.750696
      ],
      [
       -75.948829,
       4.750667
      ],
      [
       -75.950021,
       4.750788
      ],
      [
       -75.950443,
       4.750727
      ],
      [
       -75.95168,
       4.750275
      ],
      [
       -75.952031,
       4.749983
      ],
      [
       -75.952209,
       4.749733
      ],
      [
       -75.952412,
       4.749573
      ],
      [
       -75.953125,
       4.749174
      ],
      [
       -75.954244,
       4.748222
      ],
      [
       -75.954577,
       4.748032
      ],
      [
       -75.955251,
       4.747997
      ],
      [
       -75.956499,
       4.747766
      ],
      [
       -75.957812,
       4.747793
      ],
      [
       -75.955909,
       4.769887
      ],
      [
       -75.954967,
       4.768672
      ],
      [
       -75.953223,
       4.770698
      ],
      [
       -75.952647,
       4.77086
      ],
      [
       -75.95206,
       4.771646
      ],
      [
       -75.95195,
       4.77184
      ],
      [
       -75.952214,
       4.772257
      ],
      [
       -75.952486,
       4.772863
      ],
      [
       -75.95272,
       4.773261
      ],
      [
       -75.952554,
       4.773359
      ]
     ]
    ]
   },
   "properties": {
    "clase": "cabecera",
    "nombre": "Cabecera municipal de Cartago (MGN 2018, incluye Zaragoza)",
    "area_km2": 19.086,
    "cnpv2018_hogares_particulares": 114571,
    "poblacion_dane": 139614,
    "anio": 2026,
    "factor": 1.21858,
    "fuente": "DANE, MGN 2018 y CNPV 2018 por manzana",
    "url": "https://geoportal.dane.gov.co/mparcgis/rest/services/MGN2018/Serv_CapasMGN_2018/FeatureServer"
   }
  },
  {
   "type": "Feature",
   "geometry": {
    "type": "Polygon",
    "coordinates": [
     [
      [
       -75.94518,
       4.796071
      ],
      [
       -75.944565,
       4.795832
      ],
      [
       -75.944155,
       4.795832
      ],
      [
       -75.943301,
       4.796196
      ],
      [
       -75.942526,
       4.796777
      ],
      [
       -75.941718,
       4.79713
      ],
      [
       -75.940796,
       4.797995
      ],
      [
       -75.939702,
       4.798861
      ],
      [
       -75.938632,
       4.799852
      ],
      [
       -75.938211,
       4.800387
      ],
      [
       -75.937596,
       4.80099
      ],
      [
       -75.937038,
       4.801924
      ],
      [
       -75.936833,
       4.802528
      ],
      [
       -75.936651,
       4.803552
      ],
      [
       -75.936377,
       4.804498
      ],
      [
       -75.936184,
       4.805465
      ],
      [
       -75.936104,
       4.806228
      ],
      [
       -75.935888,
       4.806966
      ],
      [
       -75.934746,
       4.806395
      ],
      [
       -75.934151,
       4.806169
      ],
      [
       -75.933497,
       4.806169
      ],
      [
       -75.931772,
       4.805955
      ],
      [
       -75.931291,
       4.805745
      ],
      [
       -75.930634,
       4.805279
      ],
      [
       -75.930539,
       4.805107
      ],
      [
       -75.930606,
       4.804889
      ],
      [
       -75.93112,
       4.803956
      ],
      [
       -75.93132,
       4.803518
      ],
      [
       -75.931434,
       4.803099
      ],
      [
       -75.931415,
       4.802233
      ],
      [
       -75.931253,
       4.801833
      ],
      [
       -75.93091,
       4.801376
      ],
      [
       -75.93052,
       4.801005
      ],
      [
       -75.92954,
       4.800463
      ],
      [
       -75.92895,
       4.80031
      ],
      [
       -75.928502,
       4.800263
      ],
      [
       -75.927998,
       4.800301
      ],
      [
       -75.927484,
       4.800434
      ],
      [
       -75.92678,
       4.800729
      ],
      [
       -75.926113,
       4.800939
      ],
      [
       -75.925057,
       4.801605
      ],
      [
       -75.924353,
       4.802271
      ],
      [
       -75.923915,
       4.802471
      ],
      [
       -75.923553,
       4.802519
      ],
      [
       -75.923249,
       4.802442
      ],
      [
       -75.922868,
       4.802195
      ],
      [
       -75.922259,
       4.801319
      ],
      [
       -75.921992,
       4.801043
      ],
      [
       -75.920869,
       4.80032
      ],
      [
       -75.92045,
       4.799854
      ],
      [
       -75.920584,
       4.799501
      ],
      [
       -75.92086,
       4.798274
      ],
      [
       -75.920869,
       4.797893
      ],
      [
       -75.920812,
       4.797493
      ],
      [
       -75.920517,
       4.797065
      ],
      [
       -75.91808,
       4.795171
      ],
      [
       -75.917652,
       4.794752
      ],
      [
       -75.917471,
       4.794486
      ],
      [
       -75.917443,
       4.794209
      ],
      [
       -75.918204,
       4.791763
      ],
      [
       -75.918804,
       4.790574
      ],
      [
       -75.919127,
       4.790126
      ],
      [
       -75.920003,
       4.789336
      ],
      [
       -75.920365,
       4.789079
      ],
      [
       -75.921097,
       4.788803
      ],
      [
       -75.921402,
       4.788775
      ],
      [
       -75.92244,
       4.789003
      ],
      [
       -75.923943,
       4.789165
      ],
      [
       -75.924657,
       4.789194
      ],
      [
       -75.92599,
       4.789108
      ],
      [
       -75.926694,
       4.788756
      ],
      [
       -75.927227,
       4.788346
      ],
      [
       -75.927941,
       4.787471
      ],
      [
       -75.928046,
       4.786966
      ],
      [
       -75.928103,
       4.784254
      ],
      [
       -75.928093,
       4.783616
      ],
      [
       -75.928017,
       4.783264
      ],
      [
       -75.927827,
       4.783083
      ],
      [
       -75.927589,
       4.78295
      ],
      [
       -75.927084,
       4.782988
      ],
      [
       -75.926656,
       4.78314
      ],
      [
       -75.926294,
       4.783169
      ],
      [
       -75.924867,
       4.782988
      ],
      [
       -75.924457,
       4.782836
      ],
      [
       -75.923972,
       4.78256
      ],
      [
       -75.922858,
       4.781617
      ],
      [
       -75.92244,
       4.78137
      ],
      [
       -75.922087,
       4.780951
      ],
      [
       -75.921745,
       4.779343
      ],
      [
       -75.921611,
       4.778591
      ],
      [
       -75.921583,
       4.778143
      ],
      [
       -75.921697,
       4.777829
      ],
      [
       -75.921916,
       4.777582
      ],
      [
       -75.922097,
       4.777487
      ],
      [
       -75.922592,
       4.777744
      ],
      [
       -75.923277,
       4.778419
      ],
      [
       -75.923972,
       4.778819
      ],
      [
       -75.924828,
       4.7794
      ],
      [
       -75.925447,
       4.779609
      ],
      [
       -75.926218,
       4.779742
      ],
      [
       -75.927208,
       4.779733
      ],
      [
       -75.928712,
       4.779352
      ],
      [
       -75.928883,
       4.779238
      ],
      [
       -75.928874,
       4.779057
      ],
      [
       -75.928598,
       4.778486
      ],
      [
       -75.928331,
       4.778105
      ],
      [
       -75.927979,
       4.777753
      ],
      [
       -75.927465,
       4.776868
      ],
      [
       -75.927417,
       4.776544
      ],
      [
       -75.927427,
       4.776097
      ],
      [
       -75.927538,
       4.774823
      ],
      [
       -75.927736,
       4.773869
      ],
      [
       -75.928844,
       4.772006
      ],
      [
       -75.929068,
       4.771545
      ],
      [
       -75.929241,
       4.770898
      ],
      [
       -75.929369,
       4.770085
      ],
      [
       -75.92942,
       4.769221
      ],
      [
       -75.929305,
       4.768696
      ],
      [
       -75.929074,
       4.768254
      ],
      [
       -75.92869,
       4.767979
      ],
      [
       -75.92796,
       4.767665
      ],
      [
       -75.927455,
       4.76753
      ],
      [
       -75.926872,
       4.767492
      ],
      [
       -75.926302,
       4.767658
      ],
      [
       -75.925387,
       4.768408
      ],
      [
       -75.923972,
       4.769746
      ],
      [
       -75.922781,
       4.770392
      ],
      [
       -75.922371,
       4.770456
      ],
      [
       -75.92159,
       4.77036
      ],
      [
       -75.921007,
       4.770162
      ],
      [
       -75.92045,
       4.769778
      ],
      [
       -75.91997,
       4.768933
      ],
      [
       -75.91974,
       4.768075
      ],
      [
       -75.920175,
       4.767633
      ],
      [
       -75.921219,
       4.766973
      ],
      [
       -75.922345,
       4.766173
      ],
      [
       -75.922806,
       4.765744
      ],
      [
       -75.923267,
       4.765065
      ],
      [
       -75.923587,
       4.7644
      ],
      [
       -75.924258,
       4.763563
      ],
      [
       -75.924326,
       4.763094
      ],
      [
       -75.92393,
       4.762101
      ],
      [
       -75.923461,
       4.760557
      ],
      [
       -75.923253,
       4.760259
      ],
      [
       -75.923062,
       4.760094
      ],
      [
       -75.922735,
       4.759909
      ],
      [
       -75.92237,
       4.759809
      ],
      [
       -75.921652,
       4.759775
      ],
      [
       -75.920881,
       4.76
      ],
      [
       -75.91969,
       4.760596
      ],
      [
       -75.918898,
       4.761062
      ],
      [
       -75.918127,
       4.761597
      ],
      [
       -75.91758,
       4.762032
      ],
      [
       -75.916584,
       4.763156
      ],
      [
       -75.916313,
       4.763377
      ],
      [
       -75.916013,
       4.763554
      ],
      [
       -75.915596,
       4.763697
      ],
      [
       -75.915152,
       4.763741
      ],
      [
       -75.914075,
       4.762793
      ],
      [
       -75.913477,
       4.762017
      ],
      [
       -75.912933,
       4.761446
      ],
      [
       -75.91299,
       4.760851
      ],
      [
       -75.913102,
       4.760609
      ],
      [
       -75.913444,
       4.760304
      ],
      [
       -75.914413,
       4.75962
      ],
      [
       -75.914698,
       4.759363
      ],
      [
       -75.915615,
       4.758158
      ],
      [
       -75.915774,
       4.758021
      ],
      [
       -75.91652,
       4.757759
      ],
      [
       -75.916693,
       4.757596
      ],
      [
       -75.916828,
       4.757385
      ],
      [
       -75.916918,
       4.757107
      ],
      [
       -75.916937,
       4.756942
      ],
      [
       -75.916814,
       4.756545
      ],
      [
       -75.916437,
       4.756145
      ],
      [
       -75.915904,
       4.755704
      ],
      [
       -75.915381,
       4.755392
      ],
      [
       -75.909085,
       4.752424
      ],
      [
       -75.90824,
       4.75212
      ],
      [
       -75.907735,
       4.752057
      ],
      [
       -75.905509,
       4.752386
      ],
      [
       -75.905305,
       4.752563
      ],
      [
       -75.904331,
       4.754027
      ],
      [
       -75.90328,
       4.755142
      ],
      [
       -75.899264,
       4.758079
      ],
      [
       -75.898103,
       4.758735
      ],
      [
       -75.897738,
       4.758818
      ],
      [
       -75.897253,
       4.758728
      ],
      [
       -75.896787,
       4.758836
      ],
      [
       -75.895353,
       4.758202
      ],
      [
       -75.894309,
       4.757466
      ],
      [
       -75.893861,
       4.757235
      ],
      [
       -75.89274,
       4.75632
      ],
      [
       -75.89171,
       4.755622
      ],
      [
       -75.890634,
       4.755046
      ],
      [
       -75.889174,
       4.7547
      ],
      [
       -75.888816,
       4.754636
      ],
      [
       -75.888636,
       4.754681
      ],
      [
       -75.885512,
       4.758138
      ],
      [
       -75.885019,
       4.758541
      ],
      [
       -75.884603,
       4.758817
      ],
      [
       -75.883233,
       4.759214
      ],
      [
       -75.881805,
       4.759867
      ],
      [
       -75.881171,
       4.760264
      ],
      [
       -75.880684,
       4.760648
      ],
      [
       -75.880166,
       4.761166
      ],
      [
       -75.878476,
       4.763382
      ],
      [
       -75.878027,
       4.764464
      ],
      [
       -75.877938,
       4.76504
      ],
      [
       -75.87845,
       4.767031
      ],
      [
       -75.878405,
       4.767735
      ],
      [
       -75.878284,
       4.768497
      ],
      [
       -75.878098,
       4.768817
      ],
      [
       -75.877887,
       4.768971
      ],
      [
       -75.877438,
       4.769125
      ],
      [
       -75.876613,
       4.769304
      ],
      [
       -75.875889,
       4.769406
      ],
      [
       -75.875486,
       4.769374
      ],
      [
       -75.875172,
       4.769233
      ],
      [
       -75.874788,
       4.768875
      ],
      [
       -75.874525,
       4.768299
      ],
      [
       -75.874212,
       4.767242
      ],
      [
       -75.874032,
       4.766871
      ],
      [
       -75.873789,
       4.766653
      ],
      [
       -75.873347,
       4.766397
      ],
      [
       -75.87313,
       4.766429
      ],
      [
       -75.87272,
       4.7668
      ],
      [
       -75.872643,
       4.767191
      ],
      [
       -75.872726,
       4.768119
      ],
      [
       -75.873053,
       4.769125
      ],
      [
       -75.873706,
       4.770322
      ],
      [
       -75.873885,
       4.77102
      ],
      [
       -75.873834,
       4.771487
      ],
      [
       -75.873296,
       4.773241
      ],
      [
       -75.872624,
       4.77456
      ],
      [
       -75.872003,
       4.775303
      ],
      [
       -75.871327,
       4.775984
      ],
      [
       -75.870955,
       4.776245
      ],
      [
       -75.870678,
       4.776356
      ],
      [
       -75.870418,
       4.776352
      ],
      [
       -75.870184,
       4.776253
      ],
      [
       -75.869951,
       4.776106
      ],
      [
       -75.869618,
       4.775597
      ],
      [
       -75.869545,
       4.775286
      ],
      [
       -75.869594,
       4.774787
      ],
      [
       -75.869831,
       4.774092
      ],
      [
       -75.869953,
       4.773348
      ],
      [
       -75.869913,
       4.772997
      ],
      [
       -75.869831,
       4.772817
      ],
      [
       -75.869667,
       4.772751
      ],
      [
       -75.869348,
       4.772776
      ],
      [
       -75.867517,
       4.773242
      ],
      [
       -75.866372,
       4.773438
      ],
      [
       -75.865702,
       4.77343
      ],
      [
       -75.865235,
       4.773324
      ],
      [
       -75.864753,
       4.773136
      ],
      [
       -75.864279,
       4.773086
      ],
      [
       -75.863796,
       4.773176
      ],
      [
       -75.863224,
       4.773454
      ],
      [
       -75.86248,
       4.773585
      ],
      [
       -75.862218,
       4.773683
      ],
      [
       -75.86203,
       4.773961
      ],
      [
       -75.861499,
       4.774395
      ],
      [
       -75.861262,
       4.774452
      ],
      [
       -75.860657,
       4.774387
      ],
      [
       -75.859664,
       4.774782
      ],
      [
       -75.858997,
       4.775376
      ],
      [
       -75.857538,
       4.776398
      ],
      [
       -75.856588,
       4.777293
      ],
      [
       -75.85609,
       4.777691
      ],
      [
       -75.855593,
       4.778012
      ],
      [
       -75.85514,
       4.778188
      ],
      [
       -75.854089,
       4.778392
      ],
      [
       -75.853292,
       4.778654
      ],
      [
       -75.852775,
       4.778755
      ],
      [
       -75.852293,
       4.778725
      ],
      [
       -75.851972,
       4.778654
      ],
      [
       -75.85168,
       4.778523
      ],
      [
       -75.851038,
       4.778112
      ],
      [
       -75.850496,
       4.778065
      ],
      [
       -75.850223,
       4.778095
      ],
      [
       -75.849914,
       4.778005
      ],
      [
       -75.849331,
       4.777553
      ],
      [
       -75.848718,
       4.777232
      ],
      [
       -75.848409,
       4.777012
      ],
      [
       -75.848141,
       4.776774
      ],
      [
       -75.84798,
       4.776483
      ],
      [
       -75.847891,
       4.776221
      ],
      [
       -75.847898,
       4.77596
      ],
      [
       -75.847964,
       4.775332
      ],
      [
       -75.84811,
       4.774874
      ],
      [
       -75.84814,
       4.774307
      ],
      [
       -75.847924,
       4.773536
      ],
      [
       -75.847602,
       4.772956
      ],
      [
       -75.846803,
       4.772552
      ],
      [
       -75.846499,
       4.772116
      ],
      [
       -75.84629,
       4.771497
      ],
      [
       -75.84624,
       4.770996
      ],
      [
       -75.846313,
       4.770531
      ],
      [
       -75.846437,
       4.770247
      ],
      [
       -75.846779,
       4.769739
      ],
      [
       -75.846968,
       4.769158
      ],
      [
       -75.84702,
       4.768591
      ],
      [
       -75.846767,
       4.76819
      ],
      [
       -75.84634,
       4.767688
      ],
      [
       -75.8454,
       4.76669
      ],
      [
       -75.845165,
       4.766253
      ],
      [
       -75.845099,
       4.764756
      ],
      [
       -75.844919,
       4.763833
      ],
      [
       -75.844906,
       4.763018
      ],
      [
       -75.845045,
       4.762306
      ],
      [
       -75.845017,
       4.761695
      ],
      [
       -75.844779,
       4.761106
      ],
      [
       -75.844556,
       4.760313
      ],
      [
       -75.844543,
       4.759659
      ],
      [
       -75.844653,
       4.75883
      ],
      [
       -75.844835,
       4.758409
      ],
      [
       -75.845409,
       4.757683
      ],
      [
       -75.846476,
       4.756733
      ],
      [
       -75.84657,
       4.756587
      ],
      [
       -75.846672,
       4.756108
      ],
      [
       -75.846638,
       4.755264
      ],
      [
       -75.846465,
       4.754443
      ],
      [
       -75.846338,
       4.753499
      ],
      [
       -75.846345,
       4.75286
      ],
      [
       -75.847013,
       4.750864
      ],
      [
       -75.847001,
       4.750244
      ],
      [
       -75.846924,
       4.749933
      ],
      [
       -75.846552,
       4.749325
      ],
      [
       -75.84641,
       4.748989
      ],
      [
       -75.846373,
       4.748498
      ],
      [
       -75.846441,
       4.748
      ],
      [
       -75.847292,
       4.746018
      ],
      [
       -75.847384,
       4.744932
      ],
      [
       -75.847321,
       4.744028
      ],
      [
       -75.847685,
       4.742322
      ],
      [
       -75.847932,
       4.740759
      ],
      [
       -75.848218,
       4.739596
      ],
      [
       -75.84858,
       4.738537
      ],
      [
       -75.849174,
       4.737659
      ],
      [
       -75.850052,
       4.736704
      ],
      [
       -75.851149,
       4.73584
      ],
      [
       -75.85218,
       4.735222
      ],
      [
       -75.853212,
       4.734746
      ],
      [
       -75.853872,
       4.734285
      ],
      [
       -75.856192,
       4.73192
      ],
      [
       -75.856439,
       4.731029
      ],
      [
       -75.856363,
       4.730266
      ],
      [
       -75.856042,
       4.729335
      ],
      [
       -75.855941,
       4.728521
      ],
      [
       -75.856099,
       4.72783
      ],
      [
       -75.856351,
       4.727451
      ],
      [
       -75.856594,
       4.726594
      ],
      [
       -75.856551,
       4.72608
      ],
      [
       -75.856337,
       4.725181
      ],
      [
       -75.856066,
       4.724538
      ],
      [
       -75.855966,
       4.723668
      ],
      [
       -75.856051,
       4.723282
      ],
      [
       -75.856594,
       4.722183
      ],
      [
       -75.856651,
       4.721826
      ],
      [
       -75.856565,
       4.721412
      ],
      [
       -75.856137,
       4.72007
      ],
      [
       -75.856009,
       4.719242
      ],
      [
       -75.855897,
       4.71804
      ],
      [
       -75.855873,
       4.717017
      ],
      [
       -75.855932,
       4.716291
      ],
      [
       -75.85642,
       4.713614
      ],
      [
       -75.857144,
       4.71163
      ],
      [
       -75.856829,
       4.711541
      ],
      [
       -75.85709,
       4.710708
      ],
      [
       -75.857187,
       4.709985
      ],
      [
       -75.857167,
       4.709464
      ],
      [
       -75.857047,
       4.708935
      ],
      [
       -75.856872,
       4.708546
      ],
      [
       -75.856783,
       4.708512
      ],
      [
       -75.856396,
       4.708153
      ],
      [
       -75.854076,
       4.708023
      ],
      [
       -75.853434,
       4.70782
      ],
      [
       -75.853149,
       4.707463
      ],
      [
       -75.853018,
       4.70713
      ],
      [
       -75.852827,
       4.706345
      ],
      [
       -75.852803,
       4.705857
      ],
      [
       -75.852958,
       4.704001
      ],
      [
       -75.852922,
       4.702621
      ],
      [
       -75.852756,
       4.70073
      ],
      [
       -75.852554,
       4.69923
      ],
      [
       -75.852756,
       4.69816
      ],
      [
       -75.85278,
       4.697612
      ],
      [
       -75.852708,
       4.697065
      ],
      [
       -75.852506,
       4.696542
      ],
      [
       -75.850852,
       4.694888
      ],
      [
       -75.850698,
       4.694602
      ],
      [
       -75.850614,
       4.694103
      ],
      [
       -75.850555,
       4.693413
      ],
      [
       -75.850484,
       4.690165
      ],
      [
       -75.850198,
       4.687631
      ],
      [
       -75.850167,
       4.685539
      ],
      [
       -75.850465,
       4.683642
      ],
      [
       -75.850471,
       4.683174
      ],
      [
       -75.850419,
       4.682934
      ],
      [
       -75.850278,
       4.682688
      ],
      [
       -75.849927,
       4.682466
      ],
      [
       -75.849722,
       4.682466
      ],
      [
       -75.849201,
       4.682694
      ],
      [
       -75.847667,
       4.683719
      ],
      [
       -75.847234,
       4.683923
      ],
      [
       -75.846186,
       4.684023
      ],
      [
       -75.845811,
       4.684117
      ],
      [
       -75.844559,
       4.684661
      ],
      [
       -75.843528,
       4.684878
      ],
      [
       -75.842855,
       4.684948
      ],
      [
       -75.842053,
       4.685012
      ],
      [
       -75.839717,
       4.685071
      ],
      [
       -75.839267,
       4.685164
      ],
      [
       -75.838465,
       4.685533
      ],
      [
       -75.837778,
       4.686786
      ],
      [
       -75.837477,
       4.687076
      ],
      [
       -75.837095,
       4.687354
      ],
      [
       -75.836145,
       4.687724
      ],
      [
       -75.835682,
       4.687979
      ],
      [
       -75.835254,
       4.68835
      ],
      [
       -75.83508,
       4.68835
      ],
      [
       -75.833876,
       4.687805
      ],
      [
       -75.833413,
       4.687446
      ],
      [
       -75.833077,
       4.687261
      ],
      [
       -75.832753,
       4.686937
      ],
      [
       -75.832417,
       4.686729
      ],
      [
       -75.830541,
       4.685872
      ],
      [
       -75.828837,
       4.684292
      ],
      [
       -75.828137,
       4.683989
      ],
      [
       -75.82785,
       4.683793
      ],
      [
       -75.82753,
       4.683419
      ],
      [
       -75.827221,
       4.682904
      ],
      [
       -75.826657,
       4.680968
      ],
      [
       -75.826597,
       4.680588
      ],
      [
       -75.826657,
       4.678484
      ],
      [
       -75.826559,
       4.678164
      ],
      [
       -75.826245,
       4.677881
      ],
      [
       -75.826028,
       4.677816
      ],
      [
       -75.825713,
       4.677773
      ],
      [
       -75.824547,
       4.677757
      ],
      [
       -75.824319,
       4.677692
      ],
      [
       -75.82401,
       4.677415
      ],
      [
       -75.823907,
       4.675815
      ],
      [
       -75.823744,
       4.67537
      ],
      [
       -75.822866,
       4.673808
      ],
      [
       -75.822269,
       4.67255
      ],
      [
       -75.822269,
       4.671845
      ],
      [
       -75.82235,
       4.671519
      ],
      [
       -75.822681,
       4.670717
      ],
      [
       -75.823614,
       4.669317
      ],
      [
       -75.823896,
       4.668786
      ],
      [
       -75.824547,
       4.666888
      ],
      [
       -75.824813,
       4.666286
      ],
      [
       -75.825019,
       4.665971
      ],
      [
       -75.826022,
       4.665179
      ],
      [
       -75.826375,
       4.66481
      ],
      [
       -75.826776,
       4.66449
      ],
      [
       -75.82727,
       4.663877
      ],
      [
       -75.82746,
       4.66353
      ],
      [
       -75.82759,
       4.66308
      ],
      [
       -75.827709,
       4.662283
      ],
      [
       -75.827747,
       4.661296
      ],
      [
       -75.827704,
       4.661068
      ],
      [
       -75.827299,
       4.660336
      ],
      [
       -75.827251,
       4.660165
      ],
      [
       -75.82727,
       4.659975
      ],
      [
       -75.827441,
       4.659466
      ],
      [
       -75.827684,
       4.65889
      ],
      [
       -75.827946,
       4.657705
      ],
      [
       -75.828212,
       4.657215
      ],
      [
       -75.828408,
       4.657091
      ],
      [
       -75.82896,
       4.656896
      ],
      [
       -75.829178,
       4.656748
      ],
      [
       -75.829383,
       4.656548
      ],
      [
       -75.829526,
       4.656306
      ],
      [
       -75.829645,
       4.655815
      ],
      [
       -75.829659,
       4.65553
      ],
      [
       -75.829583,
       4.654897
      ],
      [
       -75.829631,
       4.654478
      ],
      [
       -75.829726,
       4.65414
      ],
      [
       -75.829954,
       4.653688
      ],
      [
       -75.830835,
       4.652841
      ],
      [
       -75.831096,
       4.652441
      ],
      [
       -75.83122,
       4.652199
      ],
      [
       -75.831325,
       4.651371
      ],
      [
       -75.831439,
       4.650918
      ],
      [
       -75.831591,
       4.650633
      ],
      [
       -75.831777,
       4.650476
      ],
      [
       -75.833133,
       4.649748
      ],
      [
       -75.83409,
       4.64901
      ],
      [
       -75.834418,
       4.648682
      ],
      [
       -75.835156,
       4.647582
      ],
      [
       -75.835746,
       4.646512
      ],
      [
       -75.835993,
       4.645746
      ],
      [
       -75.836174,
       4.644584
      ],
      [
       -75.836269,
       4.644399
      ],
      [
       -75.836726,
       4.643994
      ],
      [
       -75.836945,
       4.643918
      ],
      [
       -75.837378,
       4.643866
      ],
      [
       -75.838582,
       4.643866
      ],
      [
       -75.839553,
       4.643785
      ],
      [
       -75.840024,
       4.64368
      ],
      [
       -75.840809,
       4.64338
      ],
      [
       -75.841128,
       4.643123
      ],
      [
       -75.841271,
       4.642914
      ],
      [
       -75.84159,
       4.642086
      ],
      [
       -75.841709,
       4.641896
      ],
      [
       -75.84197,
       4.641705
      ],
      [
       -75.842365,
       4.641496
      ],
      [
       -75.843384,
       4.641134
      ],
      [
       -75.844788,
       4.640796
      ],
      [
       -75.845387,
       4.640568
      ],
      [
       -75.845887,
       4.640273
      ],
      [
       -75.846411,
       4.639887
      ],
      [
       -75.846915,
       4.639454
      ],
      [
       -75.847419,
       4.638931
      ],
      [
       -75.847619,
       4.638669
      ],
      [
       -75.847719,
       4.63845
      ],
      [
       -75.847981,
       4.637574
      ],
      [
       -75.848481,
       4.63629
      ],
      [
       -75.848919,
       4.635738
      ],
      [
       -75.849137,
       4.635343
      ],
      [
       -75.849309,
       4.63489
      ],
      [
       -75.849328,
       4.63461
      ],
      [
       -75.849242,
       4.63411
      ],
      [
       -75.848466,
       4.631307
      ],
      [
       -75.84839,
       4.630536
      ],
      [
       -75.848452,
       4.630227
      ],
      [
       -75.848585,
       4.630013
      ],
      [
       -75.848819,
       4.629851
      ],
      [
       -75.850208,
       4.62927
      ],
      [
       -75.85076,
       4.628913
      ],
      [
       -75.851246,
       4.628361
      ],
      [
       -75.852121,
       4.626824
      ],
      [
       -75.852202,
       4.626372
      ],
      [
       -75.852159,
       4.625901
      ],
      [
       -75.851722,
       4.624592
      ],
      [
       -75.851741,
       4.624364
      ],
      [
       -75.851836,
       4.624088
      ],
      [
       -75.852221,
       4.623678
      ],
      [
       -75.852431,
       4.623526
      ],
      [
       -75.853658,
       4.62296
      ],
      [
       -75.855053,
       4.621608
      ],
      [
       -75.855462,
       4.621156
      ],
      [
       -75.857361,
       4.617949
      ],
      [
       -75.858127,
       4.617064
      ],
      [
       -75.858689,
       4.616507
      ],
      [
       -75.859322,
       4.616026
      ],
      [
       -75.860102,
       4.61575
      ],
      [
       -75.861784,
       4.615449
      ],
      [
       -75.863732,
       4.615271
      ],
      [
       -75.864395,
       4.615133
      ],
      [
       -75.864963,
       4.614764
      ],
      [
       -75.865107,
       4.614463
      ],
      [
       -75.865207,
       4.614054
      ],
      [
       -75.865209,
       4.613229
      ],
      [
       -75.865295,
       4.613086
      ],
      [
       -75.865585,
       4.612833
      ],
      [
       -75.865768,
       4.612924
      ],
      [
       -75.866655,
       4.612948
      ],
      [
       -75.866805,
       4.613001
      ],
      [
       -75.866885,
       4.613222
      ],
      [
       -75.866981,
       4.61329
      ],
      [
       -75.867115,
       4.613293
      ],
      [
       -75.867401,
       4.613175
      ],
      [
       -75.86756,
       4.613223
      ],
      [
       -75.868015,
       4.613515
      ],
      [
       -75.86811,
       4.613633
      ],
      [
       -75.868139,
       4.613761
      ],
      [
       -75.868249,
       4.613857
      ],
      [
       -75.86839,
       4.613878
      ],
      [
       -75.868616,
       4.613777
      ],
      [
       -75.868722,
       4.613776
      ],
      [
       -75.869068,
       4.613596
      ],
      [
       -75.869461,
       4.613812
      ],
      [
       -75.870046,
       4.613906
      ],
      [
       -75.870152,
       4.61401
      ],
      [
       -75.870247,
       4.614351
      ],
      [
       -75.870523,
       4.614605
      ],
      [
       -75.87095,
       4.614728
      ],
      [
       -75.871576,
       4.615009
      ],
      [
       -75.871913,
       4.614982
      ],
      [
       -75.872065,
       4.615031
      ],
      [
       -75.872204,
       4.615187
      ],
      [
       -75.872194,
       4.61533
      ],
      [
       -75.872256,
       4.615419
      ],
      [
       -75.872473,
       4.615412
      ],
      [
       -75.872784,
       4.615098
      ],
      [
       -75.873441,
       4.615098
      ],
      [
       -75.873718,
       4.615191
      ],
      [
       -75.874034,
       4.615696
      ],
      [
       -75.874127,
       4.616015
      ],
      [
       -75.873967,
       4.616495
      ],
      [
       -75.874144,
       4.617147
      ],
      [
       -75.874109,
       4.617614
      ],
      [
       -75.874351,
       4.618048
      ],
      [
       -75.874332,
       4.618256
      ],
      [
       -75.874121,
       4.618574
      ],
      [
       -75.873941,
       4.619334
      ],
      [
       -75.873834,
       4.619486
      ],
      [
       -75.873669,
       4.619564
      ],
      [
       -75.87359,
       4.619719
      ],
      [
       -75.873422,
       4.619883
      ],
      [
       -75.873418,
       4.620148
      ],
      [
       -75.872774,
       4.620226
      ],
      [
       -75.872525,
       4.620327
      ],
      [
       -75.872179,
       4.620651
      ],
      [
       -75.871909,
       4.621122
      ],
      [
       -75.871835,
       4.621402
      ],
      [
       -75.871899,
       4.621896
      ],
      [
       -75.871654,
       4.622353
      ],
      [
       -75.871604,
       4.622824
      ],
      [
       -75.871414,
       4.623035
      ],
      [
       -75.871378,
       4.623149
      ],
      [
       -75.871456,
       4.623619
      ],
      [
       -75.871402,
       4.623975
      ],
      [
       -75.871172,
       4.624298
      ],
      [
       -75.871218,
       4.624549
      ],
      [
       -75.871166,
       4.62471
      ],
      [
       -75.87085,
       4.625099
      ],
      [
       -75.870819,
       4.625276
      ],
      [
       -75.871135,
       4.625687
      ],
      [
       -75.871458,
       4.625742
      ],
      [
       -75.871602,
       4.625938
      ],
      [
       -75.871795,
       4.625961
      ],
      [
       -75.872006,
       4.625792
      ],
      [
       -75.872269,
       4.625772
      ],
      [
       -75.872601,
       4.625926
      ],
      [
       -75.872602,
       4.626214
      ],
      [
       -75.872743,
       4.626337
      ],
      [
       -75.87324,
       4.626273
      ],
      [
       -75.87346,
       4.626384
      ],
      [
       -75.873782,
       4.626824
      ],
      [
       -75.873863,
       4.627241
      ],
      [
       -75.87399,
       4.627406
      ],
      [
       -75.874518,
       4.627805
      ],
      [
       -75.874547,
       4.62791
      ],
      [
       -75.874474,
       4.628423
      ],
      [
       -75.874489,
       4.628916
      ],
      [
       -75.874524,
       4.629032
      ],
      [
       -75.874719,
       4.629149
      ],
      [
       -75.874787,
       4.629305
      ],
      [
       -75.874979,
       4.629537
      ],
      [
       -75.87495,
       4.629789
      ],
      [
       -75.875267,
       4.630133
      ],
      [
       -75.875171,
       4.630414
      ],
      [
       -75.875239,
       4.63062
      ],
      [
       -75.875389,
       4.630849
      ],
      [
       -75.875377,
       4.631103
      ],
      [
       -75.875441,
       4.631257
      ],
      [
       -75.875523,
       4.631299
      ],
      [
       -75.875751,
       4.631288
      ],
      [
       -75.876067,
       4.63104
      ],
      [
       -75.876179,
       4.631047
      ],
      [
       -75.876683,
       4.631584
      ],
      [
       -75.876876,
       4.63163
      ],
      [
       -75.877182,
       4.631529
      ],
      [
       -75.877475,
       4.631735
      ],
      [
       -75.877536,
       4.631843
      ],
      [
       -75.877549,
       4.632196
      ],
      [
       -75.877617,
       4.63226
      ],
      [
       -75.877768,
       4.63235
      ],
      [
       -75.878097,
       4.63242
      ],
      [
       -75.879064,
       4.63291
      ],
      [
       -75.879358,
       4.632912
      ],
      [
       -75.880047,
       4.633117
      ],
      [
       -75.880336,
       4.633348
      ],
      [
       -75.880634,
       4.633431
      ],
      [
       -75.880932,
       4.633248
      ],
      [
       -75.881247,
       4.633338
      ],
      [
       -75.881295,
       4.633386
      ],
      [
       -75.881303,
       4.633646
      ],
      [
       -75.881358,
       4.633699
      ],
      [
       -75.88154,
       4.633787
      ],
      [
       -75.882109,
       4.633815
      ],
      [
       -75.882753,
       4.634124
      ],
      [
       -75.882911,
       4.634088
      ],
      [
       -75.883079,
       4.633947
      ],
      [
       -75.88338,
       4.634018
      ],
      [
       -75.883527,
       4.634114
      ],
      [
       -75.883679,
       4.634429
      ],
      [
       -75.88394,
       4.634553
      ],
      [
       -75.884035,
       4.634658
      ],
      [
       -75.884094,
       4.634927
      ],
      [
       -75.884234,
       4.635129
      ],
      [
       -75.8844,
       4.635524
      ],
      [
       -75.88461,
       4.635634
      ],
      [
       -75.884833,
       4.635873
      ],
      [
       -75.885247,
       4.63597
      ],
      [
       -75.885375,
       4.636062
      ],
      [
       -75.885473,
       4.63621
      ],
      [
       -75.885673,
       4.636336
      ],
      [
       -75.885768,
       4.636475
      ],
      [
       -75.885853,
       4.636526
      ],
      [
       -75.885974,
       4.636519
      ],
      [
       -75.886179,
       4.63664
      ],
      [
       -75.886927,
       4.636429
      ],
      [
       -75.887248,
       4.636447
      ],
      [
       -75.887812,
       4.636547
      ],
      [
       -75.888062,
       4.636661
      ],
      [
       -75.888879,
       4.637192
      ],
      [
       -75.889063,
       4.637241
      ],
      [
       -75.889699,
       4.637153
      ],
      [
       -75.890142,
       4.637154
      ],
      [
       -75.890445,
       4.637269
      ],
      [
       -75.890918,
       4.637278
      ],
      [
       -75.891375,
       4.63752
      ],
      [
       -75.891843,
       4.637497
      ],
      [
       -75.892398,
       4.637372
      ],
      [
       -75.89336,
       4.637574
      ],
      [
       -75.894637,
       4.63777
      ],
      [
       -75.894872,
       4.637779
      ],
      [
       -75.895564,
       4.637655
      ],
      [
       -75.895782,
       4.637658
      ],
      [
       -75.896456,
       4.637893
      ],
      [
       -75.89665,
       4.637897
      ],
      [
       -75.897304,
       4.637752
      ],
      [
       -75.897924,
       4.637844
      ],
      [
       -75.898105,
       4.637921
      ],
      [
       -75.898315,
       4.638097
      ],
      [
       -75.898553,
       4.638078
      ],
      [
       -75.898883,
       4.637909
      ],
      [
       -75.899069,
       4.637931
      ],
      [
       -75.899305,
       4.638069
      ],
      [
       -75.899437,
       4.638093
      ],
      [
       -75.899783,
       4.638063
      ],
      [
       -75.900061,
       4.638199
      ],
      [
       -75.900591,
       4.638345
      ],
      [
       -75.900835,
       4.638335
      ],
      [
       -75.901345,
       4.638113
      ],
      [
       -75.901973,
       4.637985
      ],
      [
       -75.902303,
       4.638031
      ],
      [
       -75.90246,
       4.638139
      ],
      [
       -75.902625,
       4.638084
      ],
      [
       -75.902987,
       4.638083
      ],
      [
       -75.903102,
       4.638149
      ],
      [
       -75.903173,
       4.638279
      ],
      [
       -75.90331,
       4.638304
      ],
      [
       -75.903437,
       4.638388
      ],
      [
       -75.904041,
       4.638237
      ],
      [
       -75.904142,
       4.638296
      ],
      [
       -75.904939,
       4.63848
      ],
      [
       -75.905485,
       4.638475
      ],
      [
       -75.906174,
       4.638335
      ],
      [
       -75.906563,
       4.638452
      ],
      [
       -75.906951,
       4.638748
      ],
      [
       -75.907114,
       4.638794
      ],
      [
       -75.907566,
       4.638793
      ],
      [
       -75.908076,
       4.63896
      ],
      [
       -75.908889,
       4.63903
      ],
      [
       -75.909076,
       4.639119
      ],
      [
       -75.909233,
       4.639275
      ],
      [
       -75.909543,
       4.639412
      ],
      [
       -75.910007,
       4.639425
      ],
      [
       -75.910495,
       4.639642
      ],
      [
       -75.911014,
       4.639801
      ],
      [
       -75.911502,
       4.639805
      ],
      [
       -75.911806,
       4.640018
      ],
      [
       -75.912041,
       4.640335
      ],
      [
       -75.91221,
       4.640499
      ],
      [
       -75.912385,
       4.640565
      ],
      [
       -75.912545,
       4.640739
      ],
      [
       -75.912577,
       4.64096
      ],
      [
       -75.91245,
       4.641178
      ],
      [
       -75.91239,
       4.641431
      ],
      [
       -75.912551,
       4.64178
      ],
      [
       -75.912568,
       4.641947
      ],
      [
       -75.91265,
       4.642086
      ],
      [
       -75.913296,
       4.642334
      ],
      [
       -75.913608,
       4.642579
      ],
      [
       -75.91374,
       4.64276
      ],
      [
       -75.913735,
       4.643124
      ],
      [
       -75.913793,
       4.643247
      ],
      [
       -75.913957,
       4.64338
      ],
      [
       -75.914224,
       4.643494
      ],
      [
       -75.91462,
       4.643973
      ],
      [
       -75.914761,
       4.644485
      ],
      [
       -75.914786,
       4.64475
      ],
      [
       -75.91515,
       4.645435
      ],
      [
       -75.915287,
       4.645492
      ],
      [
       -75.915526,
       4.645447
      ],
      [
       -75.91594,
       4.645521
      ],
      [
       -75.91621,
       4.645369
      ],
      [
       -75.916464,
       4.645108
      ],
      [
       -75.916592,
       4.645092
      ],
      [
       -75.916697,
       4.645149
      ],
      [
       -75.916756,
       4.645256
      ],
      [
       -75.916766,
       4.645521
      ],
      [
       -75.916912,
       4.645741
      ],
      [
       -75.917251,
       4.645998
      ],
      [
       -75.91739,
       4.646358
      ],
      [
       -75.917451,
       4.646434
      ],
      [
       -75.917594,
       4.646483
      ],
      [
       -75.917914,
       4.646332
      ],
      [
       -75.918151,
       4.645884
      ],
      [
       -75.91823,
       4.64586
      ],
      [
       -75.918598,
       4.64613
      ],
      [
       -75.918871,
       4.646574
      ],
      [
       -75.919005,
       4.646609
      ],
      [
       -75.919215,
       4.6465
      ],
      [
       -75.91935,
       4.646183
      ],
      [
       -75.919505,
       4.646176
      ],
      [
       -75.919672,
       4.646028
      ],
      [
       -75.919837,
       4.646005
      ],
      [
       -75.919878,
       4.64605
      ],
      [
       -75.919862,
       4.646162
      ],
      [
       -75.919689,
       4.646408
      ],
      [
       -75.919657,
       4.646578
      ],
      [
       -75.919688,
       4.646743
      ],
      [
       -75.91988,
       4.646928
      ],
      [
       -75.920242,
       4.647154
      ],
      [
       -75.920339,
       4.647275
      ],
      [
       -75.920464,
       4.647615
      ],
      [
       -75.920561,
       4.64772
      ],
      [
       -75.92083,
       4.647826
      ],
      [
       -75.921276,
       4.647792
      ],
      [
       -75.921796,
       4.648038
      ],
      [
       -75.921868,
       4.648028
      ],
      [
       -75.922074,
       4.647823
      ],
      [
       -75.923038,
       4.647877
      ],
      [
       -75.923235,
       4.648034
      ],
      [
       -75.92337,
       4.648362
      ],
      [
       -75.923605,
       4.648486
      ],
      [
       -75.923826,
       4.64869
      ],
      [
       -75.924019,
       4.648736
      ],
      [
       -75.924567,
       4.649108
      ],
      [
       -75.924686,
       4.649292
      ],
      [
       -75.924782,
       4.649771
      ],
      [
       -75.924854,
       4.649908
      ],
      [
       -75.925051,
       4.650028
      ],
      [
       -75.925403,
       4.650125
      ],
      [
       -75.925632,
       4.650307
      ],
      [
       -75.925846,
       4.650319
      ],
      [
       -75.926136,
       4.650067
      ],
      [
       -75.926336,
       4.650072
      ],
      [
       -75.926688,
       4.650401
      ],
      [
       -75.92689,
       4.650523
      ],
      [
       -75.927144,
       4.650511
      ],
      [
       -75.927473,
       4.650367
      ],
      [
       -75.927626,
       4.65036
      ],
      [
       -75.928071,
       4.6506
      ],
      [
       -75.928174,
       4.650718
      ],
      [
       -75.92827,
       4.650991
      ],
      [
       -75.928558,
       4.650944
      ],
      [
       -75.928771,
       4.650994
      ],
      [
       -75.92888,
       4.65115
      ],
      [
       -75.928985,
       4.651513
      ],
      [
       -75.929101,
       4.651582
      ],
      [
       -75.929399,
       4.651489
      ],
      [
       -75.929525,
       4.651519
      ],
      [
       -75.929757,
       4.65169
      ],
      [
       -75.929982,
       4.651727
      ],
      [
       -75.930601,
       4.651223
      ],
      [
       -75.930737,
       4.651194
      ],
      [
       -75.931011,
       4.651239
      ],
      [
       -75.931258,
       4.651101
      ],
      [
       -75.931693,
       4.651014
      ],
      [
       -75.931758,
       4.651046
      ],
      [
       -75.932172,
       4.651773
      ],
      [
       -75.932279,
       4.651865
      ],
      [
       -75.93248,
       4.652309
      ],
      [
       -75.932564,
       4.652411
      ],
      [
       -75.932911,
       4.652627
      ],
      [
       -75.932948,
       4.652751
      ],
      [
       -75.932846,
       4.653146
      ],
      [
       -75.932886,
       4.653222
      ],
      [
       -75.93325,
       4.653311
      ],
      [
       -75.93339,
       4.653491
      ],
      [
       -75.934032,
       4.653927
      ],
      [
       -75.934368,
       4.654206
      ],
      [
       -75.934599,
       4.654561
      ],
      [
       -75.934851,
       4.654799
      ],
      [
       -75.934947,
       4.654815
      ],
      [
       -75.93507,
       4.654739
      ],
      [
       -75.935472,
       4.654861
      ],
      [
       -75.935599,
       4.65485
      ],
      [
       -75.935704,
       4.654787
      ],
      [
       -75.935812,
       4.654622
      ],
      [
       -75.935922,
       4.654596
      ],
      [
       -75.936014,
       4.654491
      ],
      [
       -75.936205,
       4.654518
      ],
      [
       -75.936571,
       4.654355
      ],
      [
       -75.937396,
       4.654315
      ],
      [
       -75.937905,
       4.654219
      ],
      [
       -75.938244,
       4.654338
      ],
      [
       -75.938678,
       4.654405
      ],
      [
       -75.938974,
       4.65443
      ],
      [
       -75.939341,
       4.654389
      ],
      [
       -75.939822,
       4.654901
      ],
      [
       -75.940218,
       4.655048
      ],
      [
       -75.94045,
       4.655511
      ],
      [
       -75.940584,
       4.655533
      ],
      [
       -75.940803,
       4.655477
      ],
      [
       -75.941108,
       4.655717
      ],
      [
       -75.941437,
       4.655652
      ],
      [
       -75.94149,
       4.655674
      ],
      [
       -75.941604,
       4.655889
      ],
      [
       -75.941765,
       4.655782
      ],
      [
       -75.94191,
       4.655769
      ],
      [
       -75.942088,
       4.655886
      ],
      [
       -75.9426,
       4.655995
      ],
      [
       -75.942962,
       4.655843
      ],
      [
       -75.943689,
       4.655646
      ],
      [
       -75.944305,
       4.655374
      ],
      [
       -75.944683,
       4.655262
      ],
      [
       -75.945198,
       4.655249
      ],
      [
       -75.945478,
       4.655183
      ],
      [
       -75.945914,
       4.654868
      ],
      [
       -75.946162,
       4.65456
      ],
      [
       -75.946382,
       4.654528
      ],
      [
       -75.946516,
       4.654554
      ],
      [
       -75.947311,
       4.655292
      ],
      [
       -75.947704,
       4.655499
      ],
      [
       -75.950966,
       4.656656
      ],
      [
       -75.952815,
       4.657248
      ],
      [
       -75.953557,
       4.657355
      ],
      [
       -75.954378,
       4.657548
      ],
      [
       -75.95532,
       4.657855
      ],
      [
       -75.956534,
       4.658048
      ],
      [
       -75.956898,
       4.658176
      ],
      [
       -75.957326,
       4.658448
      ],
      [
       -75.958497,
       4.658547
      ],
      [
       -75.959968,
       4.658833
      ],
      [
       -75.961674,
       4.659361
      ],
      [
       -75.964886,
       4.660732
      ],
      [
       -75.966078,
       4.661324
      ],
      [
       -75.967292,
       4.662238
      ],
      [
       -75.968534,
       4.663223
      ],
      [
       -75.969647,
       4.664258
      ],
      [
       -75.970839,
       4.6656
      ],
      [
       -75.972367,
       4.66752
      ],
      [
       -76.016648,
       4.66599
      ],
      [
       -76.016189,
       4.667044
      ],
      [
       -76.015428,
       4.669328
      ],
      [
       -76.015285,
       4.669919
      ],
      [
       -76.01518,
       4.670766
      ],
      [
       -76.015199,
       4.672298
      ],
      [
       -76.015275,
       4.672764
      ],
      [
       -76.01578,
       4.674668
      ],
      [
       -76.015923,
       4.676952
      ],
      [
       -76.015818,
       4.678456
      ],
      [
       -76.015666,
       4.679256
      ],
      [
       -76.015056,
       4.683539
      ],
      [
       -76.015123,
       4.684367
      ],
      [
       -76.016477,
       4.687918
      ],
      [
       -76.016561,
       4.688505
      ],
      [
       -76.016577,
       4.689108
      ],
      [
       -76.016527,
       4.689712
      ],
      [
       -76.016158,
       4.691136
      ],
      [
       -76.015834,
       4.692755
      ],
      [
       -76.015762,
       4.693426
      ],
      [
       -76.015719,
       4.694411
      ],
      [
       -76.015848,
       4.69591
      ],
      [
       -76.015862,
       4.697937
      ],
      [
       -76.015791,
       4.698794
      ],
      [
       -76.015619,
       4.699622
      ],
      [
       -76.015334,
       4.700036
      ],
      [
       -76.013721,
       4.701763
      ],
      [
       -76.010366,
       4.704733
      ],
      [
       -76.008709,
       4.706475
      ],
      [
       -76.008096,
       4.707374
      ],
      [
       -76.007667,
       4.708531
      ],
      [
       -76.007482,
       4.709687
      ],
      [
       -76.007353,
       4.710886
      ],
      [
       -76.007287,
       4.713275
      ],
      [
       -76.007172,
       4.714475
      ],
      [
       -76.006963,
       4.71516
      ],
      [
       -76.00603,
       4.716549
      ],
      [
       -76.005193,
       4.717311
      ],
      [
       -76.003594,
       4.71851
      ],
      [
       -76.001766,
       4.719633
      ],
      [
       -75.998787,
       4.721284
      ],
      [
       -75.997282,
       4.72245
      ],
      [
       -75.997322,
       4.722542
      ],
      [
       -75.995999,
       4.723296
      ],
      [
       -75.994528,
       4.723831
      ],
      [
       -75.9939,
       4.723953
      ],
      [
       -75.99293,
       4.724045
      ],
      [
       -75.991852,
       4.72406
      ],
      [
       -75.990795,
       4.72416
      ],
      [
       -75.990474,
       4.724231
      ],
      [
       -75.990303,
       4.724452
      ],
      [
       -75.99026,
       4.725002
      ],
      [
       -75.990295,
       4.725923
      ],
      [
       -75.99041,
       4.726772
      ],
      [
       -75.990959,
       4.729014
      ],
      [
       -75.991338,
       4.730134
      ],
      [
       -75.99173,
       4.731005
      ],
      [
       -75.99233,
       4.732026
      ],
      [
       -75.992865,
       4.73259
      ],
      [
       -75.993758,
       4.733361
      ],
      [
       -75.995685,
       4.734874
      ],
      [
       -75.996185,
       4.735567
      ],
      [
       -75.996142,
       4.736116
      ],
      [
       -75.995985,
       4.736673
      ],
      [
       -75.9948,
       4.738636
      ],
      [
       -75.994272,
       4.739222
      ],
      [
       -75.993615,
       4.73975
      ],
      [
       -75.99283,
       4.740242
      ],
      [
       -75.990824,
       4.741249
      ],
      [
       -75.988654,
       4.742748
      ],
      [
       -75.987876,
       4.743205
      ],
      [
       -75.987147,
       4.743562
      ],
      [
       -75.986241,
       4.743833
      ],
      [
       -75.985341,
       4.743926
      ],
      [
       -75.984528,
       4.743911
      ],
      [
       -75.983928,
       4.743833
      ],
      [
       -75.982522,
       4.743533
      ],
      [
       -75.980337,
       4.742755
      ],
      [
       -75.979909,
       4.742684
      ],
      [
       -75.979495,
       4.742755
      ],
      [
       -75.978945,
       4.742991
      ],
      [
       -75.978481,
       4.74329
      ],
      [
       -75.978389,
       4.743483
      ],
      [
       -75.978203,
       4.745111
      ],
      [
       -75.978967,
       4.74793
      ],
      [
       -75.979188,
       4.74838
      ],
      [
       -75.98078,
       4.750022
      ],
      [
       -75.981501,
       4.750864
      ],
      [
       -75.981929,
       4.751407
      ],
      [
       -75.9826,
       4.752435
      ],
      [
       -75.983257,
       4.753156
      ],
      [
       -75.983828,
       4.753948
      ],
      [
       -75.984292,
       4.754612
      ],
      [
       -75.984635,
       4.755254
      ],
      [
       -75.984877,
       4.756061
      ],
      [
       -75.984963,
       4.756796
      ],
      [
       -75.984963,
       4.757439
      ],
      [
       -75.984849,
       4.758517
      ],
      [
       -75.984656,
       4.759309
      ],
      [
       -75.984542,
       4.759566
      ],
      [
       -75.984306,
       4.759802
      ],
      [
       -75.983814,
       4.760108
      ],
      [
       -75.9833,
       4.760365
      ],
      [
       -75.982322,
       4.760672
      ],
      [
       -75.981772,
       4.760965
      ],
      [
       -75.980666,
       4.761172
      ],
      [
       -75.978396,
       4.76175
      ],
      [
       -75.977332,
       4.761836
      ],
      [
       -75.975062,
       4.762143
      ],
      [
       -75.974156,
       4.762186
      ],
      [
       -75.972421,
       4.762371
      ],
      [
       -75.970622,
       4.762664
      ],
      [
       -75.970065,
       4.762857
      ],
      [
       -75.969651,
       4.763057
      ],
      [
       -75.96923,
       4.763335
      ],
      [
       -75.96873,
       4.763942
      ],
      [
       -75.967738,
       4.765905
      ],
      [
       -75.967224,
       4.767076
      ],
      [
       -75.966739,
       4.768832
      ],
      [
       -75.96671,
       4.769538
      ],
      [
       -75.966979,
       4.774552
      ],
      [
       -75.96714,
       4.774986
      ],
      [
       -75.967425,
       4.775307
      ],
      [
       -75.967901,
       4.775521
      ],
      [
       -75.969025,
       4.775855
      ],
      [
       -75.969983,
       4.776015
      ],
      [
       -75.970357,
       4.776302
      ],
      [
       -75.970642,
       4.776963
      ],
      [
       -75.971017,
       4.77743
      ],
      [
       -75.971393,
       4.778011
      ],
      [
       -75.972771,
       4.779206
      ],
      [
       -75.973215,
       4.780117
      ],
      [
       -75.973363,
       4.781575
      ],
      [
       -75.973249,
       4.782395
      ],
      [
       -75.973056,
       4.783067
      ],
      [
       -75.972817,
       4.783693
      ],
      [
       -75.972418,
       4.78449
      ],
      [
       -75.971697,
       4.785308
      ],
      [
       -75.971461,
       4.785334
      ],
      [
       -75.97071,
       4.785275
      ],
      [
       -75.970062,
       4.785169
      ],
      [
       -75.969167,
       4.78482
      ],
      [
       -75.968025,
       4.784289
      ],
      [
       -75.967886,
       4.784171
      ],
      [
       -75.963957,
       4.782862
      ],
      [
       -75.960313,
       4.781917
      ],
      [
       -75.958332,
       4.781324
      ],
      [
       -75.957535,
       4.781233
      ],
      [
       -75.957011,
       4.781233
      ],
      [
       -75.955941,
       4.781484
      ],
      [
       -75.955007,
       4.781541
      ],
      [
       -75.954734,
       4.781621
      ],
      [
       -75.954381,
       4.781928
      ],
      [
       -75.954141,
       4.782543
      ],
      [
       -75.954164,
       4.784217
      ],
      [
       -75.954289,
       4.784615
      ],
      [
       -75.954699,
       4.785492
      ],
      [
       -75.955314,
       4.787018
      ],
      [
       -75.956214,
       4.789421
      ],
      [
       -75.956749,
       4.790377
      ],
      [
       -75.957922,
       4.79212
      ],
      [
       -75.958651,
       4.793019
      ],
      [
       -75.962443,
       4.796162
      ],
      [
       -75.963263,
       4.797472
      ],
      [
       -75.96373,
       4.798451
      ],
      [
       -75.964071,
       4.799738
      ],
      [
       -75.964105,
       4.800296
      ],
      [
       -75.963991,
       4.800899
      ],
      [
       -75.96373,
       4.801685
      ],
      [
       -75.963308,
       4.802562
      ],
      [
       -75.962796,
       4.80337
      ],
      [
       -75.96176,
       4.805317
      ],
      [
       -75.96135,
       4.806194
      ],
      [
       -75.961042,
       4.806479
      ],
      [
       -75.95971,
       4.807048
      ],
      [
       -75.959015,
       4.807219
      ],
      [
       -75.957546,
       4.807424
      ],
      [
       -75.954586,
       4.807584
      ],
      [
       -75.953447,
       4.807527
      ],
      [
       -75.952798,
       4.807413
      ],
      [
       -75.952502,
       4.807231
      ],
      [
       -75.952103,
       4.80665
      ],
      [
       -75.951431,
       4.805818
      ],
      [
       -75.951226,
       4.804589
      ],
      [
       -75.950589,
       4.802938
      ],
      [
       -75.950213,
       4.800911
      ],
      [
       -75.949678,
       4.799965
      ],
      [
       -75.948789,
       4.798656
      ],
      [
       -75.948414,
       4.798269
      ],
      [
       -75.948083,
       4.798041
      ],
      [
       -75.947833,
       4.797722
      ],
      [
       -75.947491,
       4.797415
      ],
      [
       -75.946296,
       4.796663
      ],
      [
       -75.94518,
       4.796071
      ]
     ]
    ]
   },
   "properties": {
    "clase": "municipio",
    "nombre": "Municipio de Cartago (MGN 2018)",
    "area_km2": 247.83,
    "poblacion_dane": 144206,
    "poblacion_resto_dane": 4592,
    "anio": 2026,
    "fuente": "DANE, MGN 2018",
    "url": "https://geoportal.dane.gov.co/mparcgis/rest/services/MGN2018/Serv_CapasMGN_2018/FeatureServer"
   }
  },
  {
   "type": "Feature",
   "geometry": {
    "type": "Polygon",
    "coordinates": [
     [
      [
       -75.871009,
       4.625516
      ],
      [
       -75.871135,
       4.625687
      ],
      [
       -75.871458,
       4.625742
      ],
      [
       -75.871602,
       4.625938
      ],
      [
       -75.871795,
       4.625961
      ],
      [
       -75.872006,
       4.625792
      ],
      [
       -75.872269,
       4.625772
      ],
      [
       -75.872601,
       4.625926
      ],
      [
       -75.872602,
       4.626214
      ],
      [
       -75.872743,
       4.626337
      ],
      [
       -75.87324,
       4.626273
      ],
      [
       -75.87346,
       4.626384
      ],
      [
       -75.873782,
       4.626824
      ],
      [
       -75.873863,
       4.627241
      ],
      [
       -75.87399,
       4.627406
      ],
      [
       -75.874518,
       4.627806
      ],
      [
       -75.874547,
       4.62791
      ],
      [
       -75.874474,
       4.628423
      ],
      [
       -75.874489,
       4.628916
      ],
      [
       -75.874524,
       4.629032
      ],
      [
       -75.874719,
       4.629149
      ],
      [
       -75.874787,
       4.629305
      ],
      [
       -75.874979,
       4.629537
      ],
      [
       -75.87495,
       4.629789
      ],
      [
       -75.875267,
       4.630133
      ],
      [
       -75.875171,
       4.630414
      ],
      [
       -75.875239,
       4.63062
      ],
      [
       -75.875389,
       4.630849
      ],
      [
       -75.875377,
       4.631103
      ],
      [
       -75.875441,
       4.631257
      ],
      [
       -75.875523,
       4.631299
      ],
      [
       -75.875751,
       4.631288
      ],
      [
       -75.876067,
       4.63104
      ],
      [
       -75.876179,
       4.631047
      ],
      [
       -75.876683,
       4.631584
      ],
      [
       -75.876876,
       4.63163
      ],
      [
       -75.877182,
       4.631529
      ],
      [
       -75.877475,
       4.631735
      ],
      [
       -75.877536,
       4.631843
      ],
      [
       -75.877549,
       4.632196
      ],
      [
       -75.877617,
       4.63226
      ],
      [
       -75.877768,
       4.63235
      ],
      [
       -75.878097,
       4.63242
      ],
      [
       -75.879064,
       4.63291
      ],
      [
       -75.879358,
       4.632912
      ],
      [
       -75.880047,
       4.633117
      ],
      [
       -75.880336,
       4.633348
      ],
      [
       -75.880634,
       4.633431
      ],
      [
       -75.880932,
       4.633248
      ],
      [
       -75.881247,
       4.633338
      ],
      [
       -75.881295,
       4.633386
      ],
      [
       -75.881303,
       4.633646
      ],
      [
       -75.881358,
       4.633699
      ],
      [
       -75.88154,
       4.633787
      ],
      [
       -75.882109,
       4.633815
      ],
      [
       -75.882753,
       4.634124
      ],
      [
       -75.882911,
       4.634088
      ],
      [
       -75.883079,
       4.633947
      ],
      [
       -75.88338,
       4.634018
      ],
      [
       -75.883527,
       4.634114
      ],
      [
       -75.883679,
       4.634429
      ],
      [
       -75.88394,
       4.634553
      ],
      [
       -75.884035,
       4.634658
      ],
      [
       -75.884094,
       4.634927
      ],
      [
       -75.884234,
       4.635129
      ],
      [
       -75.8844,
       4.635524
      ],
      [
       -75.88461,
       4.635634
      ],
      [
       -75.884833,
       4.635873
      ],
      [
       -75.885247,
       4.63597
      ],
      [
       -75.885853,
       4.636526
      ],
      [
       -75.885975,
       4.636519
      ],
      [
       -75.886236,
       4.636645
      ],
      [
       -75.886927,
       4.636429
      ],
      [
       -75.887812,
       4.636547
      ],
      [
       -75.888062,
       4.636661
      ],
      [
       -75.888879,
       4.637192
      ],
      [
       -75.889063,
       4.637241
      ],
      [
       -75.889699,
       4.637153
      ],
      [
       -75.890142,
       4.637154
      ],
      [
       -75.890445,
       4.637269
      ],
      [
       -75.890918,
       4.637278
      ],
      [
       -75.891375,
       4.63752
      ],
      [
       -75.891843,
       4.637497
      ],
      [
       -75.892398,
       4.637372
      ],
      [
       -75.89336,
       4.637574
      ],
      [
       -75.894638,
       4.63777
      ],
      [
       -75.894872,
       4.637779
      ],
      [
       -75.895563,
       4.637655
      ],
      [
       -75.895782,
       4.637658
      ],
      [
       -75.896456,
       4.637893
      ],
      [
       -75.89665,
       4.637897
      ],
      [
       -75.897304,
       4.637752
      ],
      [
       -75.897924,
       4.637844
      ],
      [
       -75.898105,
       4.637921
      ],
      [
       -75.898315,
       4.638097
      ],
      [
       -75.898553,
       4.638078
      ],
      [
       -75.898883,
       4.637909
      ],
      [
       -75.899069,
       4.637931
      ],
      [
       -75.899305,
       4.638069
      ],
      [
       -75.899437,
       4.638093
      ],
      [
       -75.899783,
       4.638063
      ],
      [
       -75.900061,
       4.638199
      ],
      [
       -75.900591,
       4.638345
      ],
      [
       -75.900835,
       4.638335
      ],
      [
       -75.901345,
       4.638113
      ],
      [
       -75.901973,
       4.637985
      ],
      [
       -75.902303,
       4.638031
      ],
      [
       -75.902461,
       4.638139
      ],
      [
       -75.902625,
       4.638084
      ],
      [
       -75.902987,
       4.638083
      ],
      [
       -75.903102,
       4.638149
      ],
      [
       -75.903172,
       4.638279
      ],
      [
       -75.903437,
       4.638388
      ],
      [
       -75.904041,
       4.638237
      ],
      [
       -75.904142,
       4.638296
      ],
      [
       -75.904939,
       4.63848
      ],
      [
       -75.905485,
       4.638475
      ],
      [
       -75.906175,
       4.638336
      ],
      [
       -75.906563,
       4.638452
      ],
      [
       -75.906951,
       4.638748
      ],
      [
       -75.907114,
       4.638794
      ],
      [
       -75.907566,
       4.638793
      ],
      [
       -75.908075,
       4.63896
      ],
      [
       -75.908889,
       4.63903
      ],
      [
       -75.909076,
       4.639119
      ],
      [
       -75.909233,
       4.639275
      ],
      [
       -75.909543,
       4.639412
      ],
      [
       -75.910007,
       4.639425
      ],
      [
       -75.910495,
       4.639642
      ],
      [
       -75.911014,
       4.639801
      ],
      [
       -75.911502,
       4.639805
      ],
      [
       -75.911806,
       4.640018
      ],
      [
       -75.912041,
       4.640335
      ],
      [
       -75.91221,
       4.640499
      ],
      [
       -75.912385,
       4.640565
      ],
      [
       -75.912545,
       4.640739
      ],
      [
       -75.912577,
       4.64096
      ],
      [
       -75.91245,
       4.641178
      ],
      [
       -75.91239,
       4.641431
      ],
      [
       -75.912551,
       4.64178
      ],
      [
       -75.912569,
       4.641947
      ],
      [
       -75.91265,
       4.642086
      ],
      [
       -75.913296,
       4.642334
      ],
      [
       -75.913608,
       4.642579
      ],
      [
       -75.91374,
       4.64276
      ],
      [
       -75.913735,
       4.643124
      ],
      [
       -75.913793,
       4.643247
      ],
      [
       -75.913957,
       4.64338
      ],
      [
       -75.914224,
       4.643494
      ],
      [
       -75.91462,
       4.643973
      ],
      [
       -75.914761,
       4.644485
      ],
      [
       -75.914786,
       4.64475
      ],
      [
       -75.91515,
       4.645435
      ],
      [
       -75.915287,
       4.645492
      ],
      [
       -75.915526,
       4.645447
      ],
      [
       -75.91594,
       4.645521
      ],
      [
       -75.91621,
       4.645369
      ],
      [
       -75.916464,
       4.645108
      ],
      [
       -75.916592,
       4.645092
      ],
      [
       -75.916697,
       4.645149
      ],
      [
       -75.916756,
       4.645256
      ],
      [
       -75.916766,
       4.645521
      ],
      [
       -75.916912,
       4.645741
      ],
      [
       -75.917251,
       4.645998
      ],
      [
       -75.91739,
       4.646358
      ],
      [
       -75.917451,
       4.646434
      ],
      [
       -75.917594,
       4.646483
      ],
      [
       -75.917914,
       4.646332
      ],
      [
       -75.918151,
       4.645884
      ],
      [
       -75.91823,
       4.64586
      ],
      [
       -75.918598,
       4.64613
      ],
      [
       -75.918871,
       4.646574
      ],
      [
       -75.919005,
       4.646609
      ],
      [
       -75.919215,
       4.6465
      ],
      [
       -75.91935,
       4.646183
      ],
      [
       -75.919505,
       4.646176
      ],
      [
       -75.919672,
       4.646028
      ],
      [
       -75.919837,
       4.646006
      ],
      [
       -75.919878,
       4.64605
      ],
      [
       -75.919862,
       4.646162
      ],
      [
       -75.919689,
       4.646408
      ],
      [
       -75.919657,
       4.646578
      ],
      [
       -75.919688,
       4.646743
      ],
      [
       -75.91988,
       4.646928
      ],
      [
       -75.920242,
       4.647154
      ],
      [
       -75.920339,
       4.647275
      ],
      [
       -75.920464,
       4.647615
      ],
      [
       -75.920561,
       4.64772
      ],
      [
       -75.92083,
       4.647826
      ],
      [
       -75.921276,
       4.647792
      ],
      [
       -75.921796,
       4.648038
      ],
      [
       -75.921868,
       4.648028
      ],
      [
       -75.922032,
       4.647844
      ],
      [
       -75.922047,
       4.649654
      ],
      [
       -75.921886,
       4.650595
      ],
      [
       -75.921856,
       4.651202
      ],
      [
       -75.921726,
       4.651617
      ],
      [
       -75.92168,
       4.651937
      ],
      [
       -75.921596,
       4.653261
      ],
      [
       -75.921863,
       4.654283
      ],
      [
       -75.921863,
       4.654491
      ],
      [
       -75.922093,
       4.655191
      ],
      [
       -75.921901,
       4.655243
      ],
      [
       -75.920999,
       4.655217
      ],
      [
       -75.920314,
       4.655376
      ],
      [
       -75.919708,
       4.655328
      ],
      [
       -75.919503,
       4.655265
      ],
      [
       -75.919349,
       4.655144
      ],
      [
       -75.919143,
       4.654771
      ],
      [
       -75.918989,
       4.654645
      ],
      [
       -75.918818,
       4.654635
      ],
      [
       -75.918293,
       4.654792
      ],
      [
       -75.916459,
       4.654909
      ],
      [
       -75.915934,
       4.654999
      ],
      [
       -75.915711,
       4.654993
      ],
      [
       -75.914958,
       4.654773
      ],
      [
       -75.913392,
       4.654942
      ],
      [
       -75.912798,
       4.654825
      ],
      [
       -75.912462,
       4.654704
      ],
      [
       -75.912262,
       4.654566
      ],
      [
       -75.911993,
       4.654664
      ],
      [
       -75.911542,
       4.654919
      ],
      [
       -75.910873,
       4.655417
      ],
      [
       -75.91041,
       4.655678
      ],
      [
       -75.910336,
       4.655769
      ],
      [
       -75.909507,
       4.656117
      ],
      [
       -75.90893,
       4.656241
      ],
      [
       -75.908661,
       4.656246
      ],
      [
       -75.908256,
       4.656177
      ],
      [
       -75.9076,
       4.655946
      ],
      [
       -75.907058,
       4.655921
      ],
      [
       -75.905614,
       4.655305
      ],
      [
       -75.905156,
       4.655419
      ],
      [
       -75.90463,
       4.655366
      ],
      [
       -75.904437,
       4.655285
      ],
      [
       -75.903952,
       4.654781
      ],
      [
       -75.903759,
       4.6547
      ],
      [
       -75.903428,
       4.654676
      ],
      [
       -75.903095,
       4.654739
      ],
      [
       -75.902576,
       4.654663
      ],
      [
       -75.90136,
       4.654637
      ],
      [
       -75.901051,
       4.654699
      ],
      [
       -75.900011,
       4.654759
      ],
      [
       -75.899103,
       4.65494
      ],
      [
       -75.898515,
       4.654966
      ],
      [
       -75.898167,
       4.654909
      ],
      [
       -75.89723,
       4.654873
      ],
      [
       -75.896157,
       4.654893
      ],
      [
       -75.895693,
       4.654966
      ],
      [
       -75.895158,
       4.65481
      ],
      [
       -75.894746,
       4.654809
      ],
      [
       -75.89449,
       4.654871
      ],
      [
       -75.894289,
       4.655042
      ],
      [
       -75.894049,
       4.655128
      ],
      [
       -75.893746,
       4.655196
      ],
      [
       -75.893392,
       4.655206
      ],
      [
       -75.892548,
       4.654965
      ],
      [
       -75.888566,
       4.662482
      ],
      [
       -75.888296,
       4.663748
      ],
      [
       -75.888004,
       4.66483
      ],
      [
       -75.887786,
       4.665761
      ],
      [
       -75.887733,
       4.666197
      ],
      [
       -75.887773,
       4.666409
      ],
      [
       -75.887887,
       4.666792
      ],
      [
       -75.888239,
       4.667377
      ],
      [
       -75.888959,
       4.668181
      ],
      [
       -75.889072,
       4.66849
      ],
      [
       -75.889072,
       4.668685
      ],
      [
       -75.88836,
       4.671094
      ],
      [
       -75.888411,
       4.67118
      ],
      [
       -75.88841,
       4.671368
      ],
      [
       -75.888336,
       4.67213
      ],
      [
       -75.88866,
       4.672921
      ],
      [
       -75.888596,
       4.673298
      ],
      [
       -75.888384,
       4.673939
      ],
      [
       -75.887898,
       4.674727
      ],
      [
       -75.887823,
       4.674962
      ],
      [
       -75.887828,
       4.675455
      ],
      [
       -75.887673,
       4.675643
      ],
      [
       -75.88708,
       4.675224
      ],
      [
       -75.886943,
       4.675075
      ],
      [
       -75.886368,
       4.674214
      ],
      [
       -75.885603,
       4.673388
      ],
      [
       -75.884993,
       4.672946
      ],
      [
       -75.884445,
       4.672653
      ],
      [
       -75.88371,
       4.672141
      ],
      [
       -75.883179,
       4.671728
      ],
      [
       -75.882969,
       4.671486
      ],
      [
       -75.882333,
       4.671066
      ],
      [
       -75.882066,
       4.671022
      ],
      [
       -75.881319,
       4.671448
      ],
      [
       -75.880914,
       4.672034
      ],
      [
       -75.879841,
       4.673271
      ],
      [
       -75.879368,
       4.673183
      ],
      [
       -75.878871,
       4.673199
      ],
      [
       -75.878533,
       4.673359
      ],
      [
       -75.878133,
       4.673444
      ],
      [
       -75.877476,
       4.673694
      ],
      [
       -75.876739,
       4.673847
      ],
      [
       -75.876333,
       4.673988
      ],
      [
       -75.875894,
       4.67404
      ],
      [
       -75.875289,
       4.674244
      ],
      [
       -75.874666,
       4.674282
      ],
      [
       -75.874243,
       4.674362
      ],
      [
       -75.873661,
       4.674291
      ],
      [
       -75.873244,
       4.674519
      ],
      [
       -75.872711,
       4.67501
      ],
      [
       -75.872289,
       4.674884
      ],
      [
       -75.871661,
       4.674916
      ],
      [
       -75.8711,
       4.675103
      ],
      [
       -75.870288,
       4.675657
      ],
      [
       -75.868967,
       4.676936
      ],
      [
       -75.868275,
       4.677747
      ],
      [
       -75.86799,
       4.67801
      ],
      [
       -75.867389,
       4.678329
      ],
      [
       -75.86678,
       4.678759
      ],
      [
       -75.865689,
       4.679903
      ],
      [
       -75.865223,
       4.680018
      ],
      [
       -75.864791,
       4.680301
      ],
      [
       -75.864046,
       4.681095
      ],
      [
       -75.863502,
       4.681938
      ],
      [
       -75.863435,
       4.682138
      ],
      [
       -75.863324,
       4.68212
      ],
      [
       -75.862723,
       4.68162
      ],
      [
       -75.862252,
       4.68107
      ],
      [
       -75.861564,
       4.680492
      ],
      [
       -75.86129,
       4.68002
      ],
      [
       -75.861214,
       4.679783
      ],
      [
       -75.861138,
       4.679232
      ],
      [
       -75.86132,
       4.678166
      ],
      [
       -75.860775,
       4.678172
      ],
      [
       -75.860594,
       4.678072
      ],
      [
       -75.860415,
       4.677823
      ],
      [
       -75.860336,
       4.677483
      ],
      [
       -75.860297,
       4.676416
      ],
      [
       -75.860197,
       4.675944
      ],
      [
       -75.859776,
       4.675146
      ],
      [
       -75.859235,
       4.674299
      ],
      [
       -75.859163,
       4.673873
      ],
      [
       -75.858863,
       4.673386
      ],
      [
       -75.85866,
       4.673256
      ],
      [
       -75.858175,
       4.673122
      ],
      [
       -75.857984,
       4.672911
      ],
      [
       -75.857846,
       4.672651
      ],
      [
       -75.857838,
       4.672525
      ],
      [
       -75.857656,
       4.672092
      ],
      [
       -75.856994,
       4.671615
      ],
      [
       -75.856778,
       4.671314
      ],
      [
       -75.856641,
       4.671208
      ],
      [
       -75.855667,
       4.670681
      ],
      [
       -75.855053,
       4.670165
      ],
      [
       -75.854469,
       4.66949
      ],
      [
       -75.854086,
       4.669202
      ],
      [
       -75.853418,
       4.668818
      ],
      [
       -75.85313,
       4.668859
      ],
      [
       -75.852555,
       4.668785
      ],
      [
       -75.852601,
       4.668338
      ],
      [
       -75.85273,
       4.667932
      ],
      [
       -75.852921,
       4.667621
      ],
      [
       -75.853119,
       4.667446
      ],
      [
       -75.853249,
       4.667248
      ],
      [
       -75.85334,
       4.667205
      ],
      [
       -75.853485,
       4.666948
      ],
      [
       -75.853638,
       4.666808
      ],
      [
       -75.853821,
       4.666329
      ],
      [
       -75.853707,
       4.665926
      ],
      [
       -75.853424,
       4.665709
      ],
      [
       -75.853004,
       4.665564
      ],
      [
       -75.852852,
       4.66543
      ],
      [
       -75.852928,
       4.665276
      ],
      [
       -75.852929,
       4.66499
      ],
      [
       -75.852997,
       4.66475
      ],
      [
       -75.853326,
       4.66404
      ],
      [
       -75.853561,
       4.663338
      ],
      [
       -75.853615,
       4.662943
      ],
      [
       -75.853608,
       4.662536
      ],
      [
       -75.853707,
       4.662545
      ],
      [
       -75.853836,
       4.662478
      ],
      [
       -75.854088,
       4.662156
      ],
      [
       -75.85431,
       4.66158
      ],
      [
       -75.854371,
       4.66091
      ],
      [
       -75.854249,
       4.660593
      ],
      [
       -75.854325,
       4.660348
      ],
      [
       -75.854836,
       4.659612
      ],
      [
       -75.854973,
       4.659219
      ],
      [
       -75.855431,
       4.658385
      ],
      [
       -75.85576,
       4.658281
      ],
      [
       -75.855948,
       4.658168
      ],
      [
       -75.855706,
       4.658028
      ],
      [
       -75.854432,
       4.657839
      ],
      [
       -75.853852,
       4.657783
      ],
      [
       -75.85302,
       4.657792
      ],
      [
       -75.852448,
       4.657742
      ],
      [
       -75.852204,
       4.657668
      ],
      [
       -75.851998,
       4.657682
      ],
      [
       -75.851639,
       4.657331
      ],
      [
       -75.851617,
       4.657165
      ],
      [
       -75.851243,
       4.656664
      ],
      [
       -75.851174,
       4.656298
      ],
      [
       -75.851304,
       4.656018
      ],
      [
       -75.851799,
       4.655294
      ],
      [
       -75.852098,
       4.654681
      ],
      [
       -75.852266,
       4.654127
      ],
      [
       -75.852311,
       4.653308
      ],
      [
       -75.852426,
       4.652565
      ],
      [
       -75.852685,
       4.651732
      ],
      [
       -75.853371,
       4.650386
      ],
      [
       -75.853952,
       4.649531
      ],
      [
       -75.854111,
       4.649097
      ],
      [
       -75.854219,
       4.648973
      ],
      [
       -75.854203,
       4.648846
      ],
      [
       -75.854448,
       4.648668
      ],
      [
       -75.854867,
       4.647855
      ],
      [
       -75.855424,
       4.647373
      ],
      [
       -75.855561,
       4.647066
      ],
      [
       -75.855607,
       4.646063
      ],
      [
       -75.855577,
       4.645683
      ],
      [
       -75.855623,
       4.645507
      ],
      [
       -75.855974,
       4.644492
      ],
      [
       -75.856638,
       4.643334
      ],
      [
       -75.856706,
       4.643067
      ],
      [
       -75.856752,
       4.641783
      ],
      [
       -75.856699,
       4.641284
      ],
      [
       -75.85663,
       4.641144
      ],
      [
       -75.856722,
       4.640459
      ],
      [
       -75.856897,
       4.640099
      ],
      [
       -75.85695,
       4.639837
      ],
      [
       -75.857156,
       4.639313
      ],
      [
       -75.858476,
       4.636923
      ],
      [
       -75.858637,
       4.635957
      ],
      [
       -75.858553,
       4.635033
      ],
      [
       -75.858859,
       4.63459
      ],
      [
       -75.858995,
       4.634433
      ],
      [
       -75.859163,
       4.634344
      ],
      [
       -75.859591,
       4.633796
      ],
      [
       -75.859827,
       4.633376
      ],
      [
       -75.859934,
       4.632748
      ],
      [
       -75.860087,
       4.632459
      ],
      [
       -75.860719,
       4.631918
      ],
      [
       -75.860872,
       4.631398
      ],
      [
       -75.861018,
       4.631201
      ],
      [
       -75.861254,
       4.630996
      ],
      [
       -75.861597,
       4.630537
      ],
      [
       -75.861971,
       4.629842
      ],
      [
       -75.862577,
       4.628933
      ],
      [
       -75.863147,
       4.629286
      ],
      [
       -75.863712,
       4.629482
      ],
      [
       -75.864363,
       4.629535
      ],
      [
       -75.864608,
       4.629645
      ],
      [
       -75.864881,
       4.629942
      ],
      [
       -75.865846,
       4.630415
      ],
      [
       -75.866423,
       4.630834
      ],
      [
       -75.866839,
       4.630921
      ],
      [
       -75.867005,
       4.630876
      ],
      [
       -75.867632,
       4.630854
      ],
      [
       -75.868313,
       4.630661
      ],
      [
       -75.868542,
       4.630639
      ],
      [
       -75.868782,
       4.630531
      ],
      [
       -75.869101,
       4.630314
      ],
      [
       -75.870468,
       4.629007
      ],
      [
       -75.870571,
       4.628773
      ],
      [
       -75.870577,
       4.628623
      ],
      [
       -75.870532,
       4.628039
      ],
      [
       -75.870367,
       4.627637
      ],
      [
       -75.870334,
       4.627008
      ],
      [
       -75.871009,
       4.625516
      ]
     ]
    ]
   },
   "properties": {
    "clase": "seccion_rural",
    "codigo": "76147300203",
    "area_km2": 24.13,
    "cnpv2018_personas": 328,
    "cnpv2018_centros_poblados": 0,
    "cnpv2018_rural_disperso": 328,
    "estimacion_2026": 533,
    "anio": 2026,
    "factor": 1.62606,
    "fuente": "DANE, MGN 2018 integrado con el CNPV 2018 (sección rural)",
    "url": "https://geoportal.dane.gov.co/mparcgis/rest/services/MGN2018/Serv_CapaSeccionRuralInt_2018/MapServer/0"
   }
  },
  {
   "type": "Feature",
   "geometry": {
    "type": "Polygon",
    "coordinates": [
     [
      [
       -75.852842,
       4.705155
      ],
      [
       -75.852958,
       4.704001
      ],
      [
       -75.852923,
       4.702621
      ],
      [
       -75.852756,
       4.700729
      ],
      [
       -75.852554,
       4.69923
      ],
      [
       -75.852756,
       4.69816
      ],
      [
       -75.85278,
       4.697612
      ],
      [
       -75.852708,
       4.697065
      ],
      [
       -75.852506,
       4.696542
      ],
      [
       -75.850852,
       4.694888
      ],
      [
       -75.850698,
       4.694602
      ],
      [
       -75.850614,
       4.694103
      ],
      [
       -75.850555,
       4.693413
      ],
      [
       -75.850483,
       4.690165
      ],
      [
       -75.850198,
       4.687631
      ],
      [
       -75.850167,
       4.685539
      ],
      [
       -75.850465,
       4.683642
      ],
      [
       -75.850471,
       4.683174
      ],
      [
       -75.850419,
       4.682934
      ],
      [
       -75.850278,
       4.682688
      ],
      [
       -75.849927,
       4.682466
      ],
      [
       -75.849722,
       4.682466
      ],
      [
       -75.849201,
       4.682694
      ],
      [
       -75.847667,
       4.683719
      ],
      [
       -75.847234,
       4.683923
      ],
      [
       -75.846186,
       4.684023
      ],
      [
       -75.845811,
       4.684117
      ],
      [
       -75.844559,
       4.684661
      ],
      [
       -75.843528,
       4.684878
      ],
      [
       -75.842855,
       4.684948
      ],
      [
       -75.842053,
       4.685012
      ],
      [
       -75.839717,
       4.685071
      ],
      [
       -75.839267,
       4.685164
      ],
      [
       -75.838465,
       4.685533
      ],
      [
       -75.837778,
       4.686786
      ],
      [
       -75.837477,
       4.687076
      ],
      [
       -75.837095,
       4.687354
      ],
      [
       -75.836145,
       4.687724
      ],
      [
       -75.835682,
       4.687979
      ],
      [
       -75.835254,
       4.68835
      ],
      [
       -75.83508,
       4.68835
      ],
      [
       -75.833876,
       4.687805
      ],
      [
       -75.833413,
       4.687446
      ],
      [
       -75.833077,
       4.687261
      ],
      [
       -75.832753,
       4.686937
      ],
      [
       -75.832417,
       4.686729
      ],
      [
       -75.830541,
       4.685872
      ],
      [
       -75.828837,
       4.684292
      ],
      [
       -75.828137,
       4.683989
      ],
      [
       -75.82785,
       4.683793
      ],
      [
       -75.82753,
       4.683419
      ],
      [
       -75.827221,
       4.682904
      ],
      [
       -75.826657,
       4.680968
      ],
      [
       -75.826597,
       4.680588
      ],
      [
       -75.826657,
       4.678483
      ],
      [
       -75.826559,
       4.678164
      ],
      [
       -75.826245,
       4.677881
      ],
      [
       -75.826028,
       4.677816
      ],
      [
       -75.825713,
       4.677773
      ],
      [
       -75.824547,
       4.677757
      ],
      [
       -75.824319,
       4.677692
      ],
      [
       -75.82401,
       4.677415
      ],
      [
       -75.823907,
       4.675815
      ],
      [
       -75.823744,
       4.67537
      ],
      [
       -75.822866,
       4.673808
      ],
      [
       -75.822269,
       4.67255
      ],
      [
       -75.822269,
       4.671845
      ],
      [
       -75.82235,
       4.671519
      ],
      [
       -75.822681,
       4.670717
      ],
      [
       -75.823614,
       4.669317
      ],
      [
       -75.823896,
       4.668786
      ],
      [
       -75.824547,
       4.666888
      ],
      [
       -75.824813,
       4.666286
      ],
      [
       -75.825019,
       4.665971
      ],
      [
       -75.826022,
       4.665179
      ],
      [
       -75.826375,
       4.66481
      ],
      [
       -75.826776,
       4.66449
      ],
      [
       -75.82727,
       4.663877
      ],
      [
       -75.82746,
       4.66353
      ],
      [
       -75.82759,
       4.66308
      ],
      [
       -75.827709,
       4.662283
      ],
      [
       -75.827747,
       4.661296
      ],
      [
       -75.827704,
       4.661068
      ],
      [
       -75.827299,
       4.660336
      ],
      [
       -75.827251,
       4.660165
      ],
      [
       -75.82727,
       4.659975
      ],
      [
       -75.827684,
       4.65889
      ],
      [
       -75.827946,
       4.657705
      ],
      [
       -75.82807,
       4.657414
      ],
      [
       -75.828212,
       4.657215
      ],
      [
       -75.828407,
       4.657091
      ],
      [
       -75.82896,
       4.656896
      ],
      [
       -75.829178,
       4.656748
      ],
      [
       -75.829383,
       4.656548
      ],
      [
       -75.829526,
       4.656306
      ],
      [
       -75.829645,
       4.655815
      ],
      [
       -75.829659,
       4.65553
      ],
      [
       -75.829583,
       4.654897
      ],
      [
       -75.829631,
       4.654478
      ],
      [
       -75.829726,
       4.65414
      ],
      [
       -75.829954,
       4.653688
      ],
      [
       -75.830835,
       4.652841
      ],
      [
       -75.831096,
       4.652441
      ],
      [
       -75.83122,
       4.652199
      ],
      [
       -75.831325,
       4.651371
      ],
      [
       -75.831439,
       4.650919
      ],
      [
       -75.831591,
       4.650633
      ],
      [
       -75.831777,
       4.650476
      ],
      [
       -75.833133,
       4.649748
      ],
      [
       -75.833547,
       4.649453
      ],
      [
       -75.83409,
       4.64901
      ],
      [
       -75.834594,
       4.648444
      ],
      [
       -75.835156,
       4.647583
      ],
      [
       -75.835746,
       4.646512
      ],
      [
       -75.835993,
       4.645746
      ],
      [
       -75.836174,
       4.644584
      ],
      [
       -75.836269,
       4.644399
      ],
      [
       -75.836726,
       4.643994
      ],
      [
       -75.836945,
       4.643918
      ],
      [
       -75.837378,
       4.643866
      ],
      [
       -75.839063,
       4.643842
      ],
      [
       -75.839553,
       4.643785
      ],
      [
       -75.840024,
       4.64368
      ],
      [
       -75.840809,
       4.64338
      ],
      [
       -75.841128,
       4.643123
      ],
      [
       -75.841271,
       4.642914
      ],
      [
       -75.84159,
       4.642086
      ],
      [
       -75.841709,
       4.641896
      ],
      [
       -75.841971,
       4.641705
      ],
      [
       -75.842365,
       4.641496
      ],
      [
       -75.843384,
       4.641134
      ],
      [
       -75.844788,
       4.640796
      ],
      [
       -75.845387,
       4.640568
      ],
      [
       -75.845887,
       4.640273
      ],
      [
       -75.846915,
       4.639454
      ],
      [
       -75.847619,
       4.638669
      ],
      [
       -75.847981,
       4.637575
      ],
      [
       -75.848481,
       4.63629
      ],
      [
       -75.848918,
       4.635738
      ],
      [
       -75.849137,
       4.635343
      ],
      [
       -75.849309,
       4.63489
      ],
      [
       -75.849328,
       4.63461
      ],
      [
       -75.849242,
       4.63411
      ],
      [
       -75.848466,
       4.631307
      ],
      [
       -75.84839,
       4.630536
      ],
      [
       -75.848452,
       4.630227
      ],
      [
       -75.848585,
       4.630013
      ],
      [
       -75.848819,
       4.629851
      ],
      [
       -75.850208,
       4.62927
      ],
      [
       -75.85076,
       4.628913
      ],
      [
       -75.851246,
       4.628361
      ],
      [
       -75.852121,
       4.626824
      ],
      [
       -75.852202,
       4.626372
      ],
      [
       -75.852159,
       4.625901
      ],
      [
       -75.851721,
       4.624592
      ],
      [
       -75.851741,
       4.624364
      ],
      [
       -75.851836,
       4.624088
      ],
      [
       -75.852221,
       4.623678
      ],
      [
       -75.852431,
       4.623526
      ],
      [
       -75.853658,
       4.62296
      ],
      [
       -75.855053,
       4.621608
      ],
      [
       -75.855638,
       4.620894
      ],
      [
       -75.856138,
       4.619967
      ],
      [
       -75.857361,
       4.617949
      ],
      [
       -75.858127,
       4.617064
      ],
      [
       -75.858689,
       4.616507
      ],
      [
       -75.859074,
       4.616197
      ],
      [
       -75.859564,
       4.615912
      ],
      [
       -75.860421,
       4.615679
      ],
      [
       -75.861391,
       4.615546
      ],
      [
       -75.861784,
       4.615449
      ],
      [
       -75.863732,
       4.615271
      ],
      [
       -75.864395,
       4.615133
      ],
      [
       -75.864963,
       4.614764
      ],
      [
       -75.865107,
       4.614463
      ],
      [
       -75.865237,
       4.613746
      ],
      [
       -75.865209,
       4.613229
      ],
      [
       -75.865295,
       4.613086
      ],
      [
       -75.865585,
       4.612833
      ],
      [
       -75.865768,
       4.612924
      ],
      [
       -75.866655,
       4.612948
      ],
      [
       -75.866805,
       4.613002
      ],
      [
       -75.866885,
       4.613222
      ],
      [
       -75.866981,
       4.61329
      ],
      [
       -75.867115,
       4.613293
      ],
      [
       -75.867401,
       4.613175
      ],
      [
       -75.86756,
       4.613224
      ],
      [
       -75.868015,
       4.613515
      ],
      [
       -75.86811,
       4.613633
      ],
      [
       -75.868139,
       4.613761
      ],
      [
       -75.868249,
       4.613857
      ],
      [
       -75.86839,
       4.613878
      ],
      [
       -75.868616,
       4.613777
      ],
      [
       -75.868722,
       4.613776
      ],
      [
       -75.869068,
       4.613596
      ],
      [
       -75.869461,
       4.613812
      ],
      [
       -75.870046,
       4.613906
      ],
      [
       -75.870152,
       4.61401
      ],
      [
       -75.870247,
       4.614351
      ],
      [
       -75.870523,
       4.614605
      ],
      [
       -75.87095,
       4.614728
      ],
      [
       -75.871576,
       4.615009
      ],
      [
       -75.871913,
       4.614982
      ],
      [
       -75.872065,
       4.61503
      ],
      [
       -75.872204,
       4.615187
      ],
      [
       -75.872194,
       4.61533
      ],
      [
       -75.872256,
       4.615419
      ],
      [
       -75.872473,
       4.615412
      ],
      [
       -75.872783,
       4.615098
      ],
      [
       -75.872886,
       4.615073
      ],
      [
       -75.873136,
       4.615116
      ],
      [
       -75.873441,
       4.615098
      ],
      [
       -75.873718,
       4.615191
      ],
      [
       -75.874034,
       4.615696
      ],
      [
       -75.874127,
       4.616015
      ],
      [
       -75.873967,
       4.616495
      ],
      [
       -75.874144,
       4.617147
      ],
      [
       -75.874109,
       4.617614
      ],
      [
       -75.874351,
       4.618048
      ],
      [
       -75.874332,
       4.618256
      ],
      [
       -75.874121,
       4.618574
      ],
      [
       -75.873941,
       4.619334
      ],
      [
       -75.873834,
       4.619486
      ],
      [
       -75.873669,
       4.619564
      ],
      [
       -75.87359,
       4.619719
      ],
      [
       -75.873422,
       4.619883
      ],
      [
       -75.873418,
       4.620148
      ],
      [
       -75.872774,
       4.620226
      ],
      [
       -75.872525,
       4.620327
      ],
      [
       -75.872179,
       4.620651
      ],
      [
       -75.871909,
       4.621122
      ],
      [
       -75.871835,
       4.621402
      ],
      [
       -75.871899,
       4.621897
      ],
      [
       -75.871654,
       4.622353
      ],
      [
       -75.871604,
       4.622824
      ],
      [
       -75.871414,
       4.623035
      ],
      [
       -75.871378,
       4.623149
      ],
      [
       -75.871456,
       4.623619
      ],
      [
       -75.871402,
       4.623976
      ],
      [
       -75.871173,
       4.624298
      ],
      [
       -75.871218,
       4.624549
      ],
      [
       -75.871166,
       4.62471
      ],
      [
       -75.870899,
       4.625023
      ],
      [
       -75.870823,
       4.625185
      ],
      [
       -75.870827,
       4.62532
      ],
      [
       -75.871009,
       4.625516
      ],
      [
       -75.870334,
       4.627008
      ],
      [
       -75.870367,
       4.627637
      ],
      [
       -75.870532,
       4.628039
      ],
      [
       -75.870577,
       4.628623
      ],
      [
       -75.870571,
       4.628773
      ],
      [
       -75.870468,
       4.629007
      ],
      [
       -75.869101,
       4.630314
      ],
      [
       -75.868782,
       4.630531
      ],
      [
       -75.868542,
       4.630639
      ],
      [
       -75.868313,
       4.630661
      ],
      [
       -75.867632,
       4.630854
      ],
      [
       -75.867005,
       4.630876
      ],
      [
       -75.866839,
       4.630921
      ],
      [
       -75.866423,
       4.630834
      ],
      [
       -75.865846,
       4.630415
      ],
      [
       -75.864881,
       4.629942
      ],
      [
       -75.864608,
       4.629645
      ],
      [
       -75.864363,
       4.629535
      ],
      [
       -75.863712,
       4.629482
      ],
      [
       -75.863147,
       4.629286
      ],
      [
       -75.862577,
       4.628933
      ],
      [
       -75.861971,
       4.629842
      ],
      [
       -75.861597,
       4.630537
      ],
      [
       -75.861254,
       4.630996
      ],
      [
       -75.861018,
       4.631201
      ],
      [
       -75.860872,
       4.631398
      ],
      [
       -75.860719,
       4.631918
      ],
      [
       -75.860087,
       4.632459
      ],
      [
       -75.859934,
       4.632748
      ],
      [
       -75.859827,
       4.633376
      ],
      [
       -75.859591,
       4.633796
      ],
      [
       -75.859163,
       4.634344
      ],
      [
       -75.858995,
       4.634433
      ],
      [
       -75.858859,
       4.63459
      ],
      [
       -75.858553,
       4.635033
      ],
      [
       -75.858637,
       4.635957
      ],
      [
       -75.858476,
       4.636923
      ],
      [
       -75.857156,
       4.639313
      ],
      [
       -75.85695,
       4.639837
      ],
      [
       -75.856897,
       4.640099
      ],
      [
       -75.856722,
       4.640459
      ],
      [
       -75.85663,
       4.641144
      ],
      [
       -75.856699,
       4.641284
      ],
      [
       -75.856752,
       4.641783
      ],
      [
       -75.856706,
       4.643067
      ],
      [
       -75.856638,
       4.643334
      ],
      [
       -75.855974,
       4.644492
      ],
      [
       -75.855623,
       4.645507
      ],
      [
       -75.855577,
       4.645683
      ],
      [
       -75.855607,
       4.646063
      ],
      [
       -75.855561,
       4.647066
      ],
      [
       -75.855424,
       4.647373
      ],
      [
       -75.854867,
       4.647855
      ],
      [
       -75.854448,
       4.648668
      ],
      [
       -75.854203,
       4.648846
      ],
      [
       -75.854219,
       4.648973
      ],
      [
       -75.854111,
       4.649097
      ],
      [
       -75.853952,
       4.649531
      ],
      [
       -75.853371,
       4.650386
      ],
      [
       -75.852685,
       4.651732
      ],
      [
       -75.852426,
       4.652565
      ],
      [
       -75.852311,
       4.653308
      ],
      [
       -75.852266,
       4.654127
      ],
      [
       -75.852098,
       4.654681
      ],
      [
       -75.851799,
       4.655294
      ],
      [
       -75.851304,
       4.656018
      ],
      [
       -75.851174,
       4.656298
      ],
      [
       -75.851243,
       4.656664
      ],
      [
       -75.851617,
       4.657165
      ],
      [
       -75.851639,
       4.657331
      ],
      [
       -75.851998,
       4.657682
      ],
      [
       -75.852204,
       4.657668
      ],
      [
       -75.852448,
       4.657742
      ],
      [
       -75.85302,
       4.657792
      ],
      [
       -75.853852,
       4.657783
      ],
      [
       -75.854432,
       4.657839
      ],
      [
       -75.855706,
       4.658028
      ],
      [
       -75.855948,
       4.658168
      ],
      [
       -75.85576,
       4.658281
      ],
      [
       -75.855431,
       4.658385
      ],
      [
       -75.854973,
       4.659219
      ],
      [
       -75.854836,
       4.659612
      ],
      [
       -75.854325,
       4.660348
      ],
      [
       -75.854249,
       4.660593
      ],
      [
       -75.854371,
       4.66091
      ],
      [
       -75.85431,
       4.66158
      ],
      [
       -75.854088,
       4.662156
      ],
      [
       -75.853836,
       4.662478
      ],
      [
       -75.853707,
       4.662545
      ],
      [
       -75.853608,
       4.662536
      ],
      [
       -75.853615,
       4.662943
      ],
      [
       -75.853561,
       4.663338
      ],
      [
       -75.853326,
       4.66404
      ],
      [
       -75.852997,
       4.66475
      ],
      [
       -75.852929,
       4.66499
      ],
      [
       -75.852928,
       4.665276
      ],
      [
       -75.852852,
       4.66543
      ],
      [
       -75.853004,
       4.665564
      ],
      [
       -75.853424,
       4.665709
      ],
      [
       -75.853707,
       4.665926
      ],
      [
       -75.853821,
       4.666329
      ],
      [
       -75.853638,
       4.666808
      ],
      [
       -75.853485,
       4.666948
      ],
      [
       -75.85334,
       4.667205
      ],
      [
       -75.853249,
       4.667248
      ],
      [
       -75.853119,
       4.667446
      ],
      [
       -75.852921,
       4.667621
      ],
      [
       -75.85273,
       4.667932
      ],
      [
       -75.852601,
       4.668338
      ],
      [
       -75.852555,
       4.668785
      ],
      [
       -75.85313,
       4.668859
      ],
      [
       -75.853418,
       4.668818
      ],
      [
       -75.854086,
       4.669202
      ],
      [
       -75.854469,
       4.66949
      ],
      [
       -75.855053,
       4.670165
      ],
      [
       -75.855667,
       4.670681
      ],
      [
       -75.856641,
       4.671208
      ],
      [
       -75.856778,
       4.671314
      ],
      [
       -75.856994,
       4.671615
      ],
      [
       -75.857656,
       4.672092
      ],
      [
       -75.857838,
       4.672525
      ],
      [
       -75.857846,
       4.672651
      ],
      [
       -75.857984,
       4.672911
      ],
      [
       -75.858175,
       4.673122
      ],
      [
       -75.85866,
       4.673256
      ],
      [
       -75.858863,
       4.673386
      ],
      [
       -75.858947,
       4.673496
      ],
      [
       -75.859163,
       4.673873
      ],
      [
       -75.859235,
       4.674299
      ],
      [
       -75.859776,
       4.675146
      ],
      [
       -75.860197,
       4.675944
      ],
      [
       -75.860297,
       4.676416
      ],
      [
       -75.860336,
       4.677483
      ],
      [
       -75.860415,
       4.677823
      ],
      [
       -75.860594,
       4.678072
      ],
      [
       -75.860775,
       4.678172
      ],
      [
       -75.86132,
       4.678166
      ],
      [
       -75.861138,
       4.679232
      ],
      [
       -75.861214,
       4.679783
      ],
      [
       -75.86129,
       4.68002
      ],
      [
       -75.861564,
       4.680492
      ],
      [
       -75.862252,
       4.68107
      ],
      [
       -75.862954,
       4.681835
      ],
      [
       -75.863324,
       4.68212
      ],
      [
       -75.863435,
       4.682138
      ],
      [
       -75.863986,
       4.682811
      ],
      [
       -75.864411,
       4.68356
      ],
      [
       -75.864558,
       4.684168
      ],
      [
       -75.865136,
       4.685613
      ],
      [
       -75.865399,
       4.685911
      ],
      [
       -75.86554,
       4.686152
      ],
      [
       -75.865854,
       4.686449
      ],
      [
       -75.865853,
       4.68726
      ],
      [
       -75.866161,
       4.687364
      ],
      [
       -75.86647,
       4.687553
      ],
      [
       -75.866716,
       4.687628
      ],
      [
       -75.86695,
       4.68764
      ],
      [
       -75.867132,
       4.687719
      ],
      [
       -75.867298,
       4.687903
      ],
      [
       -75.86736,
       4.688366
      ],
      [
       -75.866639,
       4.688839
      ],
      [
       -75.866284,
       4.689212
      ],
      [
       -75.866112,
       4.689462
      ],
      [
       -75.865722,
       4.690474
      ],
      [
       -75.865537,
       4.691285
      ],
      [
       -75.865364,
       4.692383
      ],
      [
       -75.864772,
       4.693806
      ],
      [
       -75.86476,
       4.694121
      ],
      [
       -75.86502,
       4.695744
      ],
      [
       -75.8649,
       4.696167
      ],
      [
       -75.86459,
       4.69655
      ],
      [
       -75.863857,
       4.697143
      ],
      [
       -75.863754,
       4.697322
      ],
      [
       -75.863438,
       4.698687
      ],
      [
       -75.863145,
       4.699275
      ],
      [
       -75.863001,
       4.699424
      ],
      [
       -75.862595,
       4.69968
      ],
      [
       -75.861772,
       4.699846
      ],
      [
       -75.861204,
       4.700239
      ],
      [
       -75.861102,
       4.700359
      ],
      [
       -75.861021,
       4.700725
      ],
      [
       -75.861021,
       4.701028
      ],
      [
       -75.861219,
       4.70132
      ],
      [
       -75.861408,
       4.701469
      ],
      [
       -75.861516,
       4.701818
      ],
      [
       -75.861482,
       4.701983
      ],
      [
       -75.861521,
       4.702344
      ],
      [
       -75.86144,
       4.702532
      ],
      [
       -75.861408,
       4.702815
      ],
      [
       -75.860039,
       4.703198
      ],
      [
       -75.859519,
       4.703116
      ],
      [
       -75.85925,
       4.702989
      ],
      [
       -75.858884,
       4.703063
      ],
      [
       -75.858495,
       4.703257
      ],
      [
       -75.858271,
       4.703618
      ],
      [
       -75.85815,
       4.703703
      ],
      [
       -75.85803,
       4.703686
      ],
      [
       -75.857881,
       4.703811
      ],
      [
       -75.857709,
       4.704253
      ],
      [
       -75.857376,
       4.704642
      ],
      [
       -75.857221,
       4.70471
      ],
      [
       -75.856837,
       4.704646
      ],
      [
       -75.856598,
       4.704531
      ],
      [
       -75.855957,
       4.704495
      ],
      [
       -75.85531,
       4.704614
      ],
      [
       -75.854433,
       4.705001
      ],
      [
       -75.853598,
       4.705275
      ],
      [
       -75.853466,
       4.705291
      ],
      [
       -75.852842,
       4.705155
      ]
     ]
    ]
   },
   "properties": {
    "clase": "seccion_rural",
    "codigo": "76147300204",
    "area_km2": 22.72,
    "cnpv2018_personas": 191,
    "cnpv2018_centros_poblados": 0,
    "cnpv2018_rural_disperso": 191,
    "estimacion_2026": 311,
    "anio": 2026,
    "factor": 1.62606,
    "fuente": "DANE, MGN 2018 integrado con el CNPV 2018 (sección rural)",
    "url": "https://geoportal.dane.gov.co/mparcgis/rest/services/MGN2018/Serv_CapaSeccionRuralInt_2018/MapServer/0"
   }
  },
  {
   "type": "Feature",
   "geometry": {
    "type": "Polygon",
    "coordinates": [
     [
      [
       -75.932347,
       4.699969
      ],
      [
       -75.932644,
       4.699893
      ],
      [
       -75.931748,
       4.699563
      ],
      [
       -75.931221,
       4.69931
      ],
      [
       -75.933076,
       4.69805
      ],
      [
       -75.930188,
       4.696935
      ],
      [
       -75.930726,
       4.695485
      ],
      [
       -75.928953,
       4.694745
      ],
      [
       -75.928907,
       4.694671
      ],
      [
       -75.928577,
       4.694636
      ],
      [
       -75.925581,
       4.693651
      ],
      [
       -75.925529,
       4.693791
      ],
      [
       -75.925003,
       4.693644
      ],
      [
       -75.925031,
       4.693503
      ],
      [
       -75.92413,
       4.693225
      ],
      [
       -75.924074,
       4.693726
      ],
      [
       -75.923339,
       4.693498
      ],
      [
       -75.923395,
       4.691707
      ],
      [
       -75.924181,
       4.69039
      ],
      [
       -75.924499,
       4.690201
      ],
      [
       -75.924599,
       4.689942
      ],
      [
       -75.924568,
       4.689656
      ],
      [
       -75.924463,
       4.689517
      ],
      [
       -75.924425,
       4.689332
      ],
      [
       -75.924365,
       4.687954
      ],
      [
       -75.924463,
       4.686821
      ],
      [
       -75.924693,
       4.685734
      ],
      [
       -75.924502,
       4.684176
      ],
      [
       -75.924555,
       4.681413
      ],
      [
       -75.924655,
       4.679658
      ],
      [
       -75.924929,
       4.677678
      ],
      [
       -75.925365,
       4.67613
      ],
      [
       -75.926158,
       4.673769
      ],
      [
       -75.926387,
       4.672892
      ],
      [
       -75.926463,
       4.672333
      ],
      [
       -75.926447,
       4.671805
      ],
      [
       -75.926105,
       4.669954
      ],
      [
       -75.926074,
       4.668899
      ],
      [
       -75.926158,
       4.667782
      ],
      [
       -75.926173,
       4.666776
      ],
      [
       -75.925876,
       4.66494
      ],
      [
       -75.924274,
       4.661536
      ],
      [
       -75.9238,
       4.659811
      ],
      [
       -75.923495,
       4.659076
      ],
      [
       -75.923144,
       4.658021
      ],
      [
       -75.922764,
       4.657318
      ],
      [
       -75.922496,
       4.6566
      ],
      [
       -75.921863,
       4.654491
      ],
      [
       -75.921863,
       4.654283
      ],
      [
       -75.921642,
       4.653549
      ],
      [
       -75.921596,
       4.653261
      ],
      [
       -75.92168,
       4.651937
      ],
      [
       -75.921726,
       4.651617
      ],
      [
       -75.921856,
       4.651202
      ],
      [
       -75.921886,
       4.650595
      ],
      [
       -75.922047,
       4.649654
      ],
      [
       -75.922032,
       4.647844
      ],
      [
       -75.922956,
       4.647848
      ],
      [
       -75.923139,
       4.647941
      ],
      [
       -75.923292,
       4.648137
      ],
      [
       -75.92337,
       4.648362
      ],
      [
       -75.923605,
       4.648486
      ],
      [
       -75.923826,
       4.64869
      ],
      [
       -75.924019,
       4.648736
      ],
      [
       -75.924567,
       4.649108
      ],
      [
       -75.924686,
       4.649292
      ],
      [
       -75.924782,
       4.649771
      ],
      [
       -75.924854,
       4.649908
      ],
      [
       -75.925051,
       4.650028
      ],
      [
       -75.925403,
       4.650125
      ],
      [
       -75.925632,
       4.650307
      ],
      [
       -75.925846,
       4.650319
      ],
      [
       -75.926136,
       4.650067
      ],
      [
       -75.926336,
       4.650072
      ],
      [
       -75.926688,
       4.650401
      ],
      [
       -75.92689,
       4.650523
      ],
      [
       -75.927144,
       4.650512
      ],
      [
       -75.927473,
       4.650367
      ],
      [
       -75.927626,
       4.65036
      ],
      [
       -75.928071,
       4.6506
      ],
      [
       -75.928174,
       4.650718
      ],
      [
       -75.92827,
       4.650991
      ],
      [
       -75.928558,
       4.650944
      ],
      [
       -75.928771,
       4.650994
      ],
      [
       -75.92888,
       4.65115
      ],
      [
       -75.928985,
       4.651513
      ],
      [
       -75.929101,
       4.651582
      ],
      [
       -75.929399,
       4.651489
      ],
      [
       -75.929525,
       4.651519
      ],
      [
       -75.929757,
       4.65169
      ],
      [
       -75.929982,
       4.651727
      ],
      [
       -75.930601,
       4.651223
      ],
      [
       -75.930737,
       4.651194
      ],
      [
       -75.931011,
       4.651239
      ],
      [
       -75.931258,
       4.651101
      ],
      [
       -75.931693,
       4.651014
      ],
      [
       -75.931758,
       4.651046
      ],
      [
       -75.932172,
       4.651773
      ],
      [
       -75.932279,
       4.651865
      ],
      [
       -75.93248,
       4.652309
      ],
      [
       -75.932564,
       4.652411
      ],
      [
       -75.932911,
       4.652627
      ],
      [
       -75.932948,
       4.652751
      ],
      [
       -75.932846,
       4.653146
      ],
      [
       -75.932886,
       4.653223
      ],
      [
       -75.93325,
       4.653312
      ],
      [
       -75.93339,
       4.653491
      ],
      [
       -75.934032,
       4.653926
      ],
      [
       -75.934368,
       4.654205
      ],
      [
       -75.934599,
       4.654561
      ],
      [
       -75.934851,
       4.654799
      ],
      [
       -75.934947,
       4.654815
      ],
      [
       -75.93507,
       4.654739
      ],
      [
       -75.935472,
       4.654861
      ],
      [
       -75.935599,
       4.65485
      ],
      [
       -75.935704,
       4.654787
      ],
      [
       -75.935812,
       4.654622
      ],
      [
       -75.935922,
       4.654596
      ],
      [
       -75.936014,
       4.654491
      ],
      [
       -75.936205,
       4.654518
      ],
      [
       -75.936571,
       4.654355
      ],
      [
       -75.937396,
       4.654315
      ],
      [
       -75.937905,
       4.654219
      ],
      [
       -75.938244,
       4.654338
      ],
      [
       -75.938678,
       4.654406
      ],
      [
       -75.938974,
       4.65443
      ],
      [
       -75.939341,
       4.654389
      ],
      [
       -75.939822,
       4.654901
      ],
      [
       -75.940218,
       4.655048
      ],
      [
       -75.94045,
       4.655511
      ],
      [
       -75.940584,
       4.655533
      ],
      [
       -75.940803,
       4.655477
      ],
      [
       -75.941108,
       4.655717
      ],
      [
       -75.941437,
       4.655653
      ],
      [
       -75.94149,
       4.655674
      ],
      [
       -75.941604,
       4.655889
      ],
      [
       -75.941765,
       4.655782
      ],
      [
       -75.94191,
       4.655769
      ],
      [
       -75.942088,
       4.655886
      ],
      [
       -75.9426,
       4.655995
      ],
      [
       -75.942962,
       4.655843
      ],
      [
       -75.943689,
       4.655646
      ],
      [
       -75.944305,
       4.655374
      ],
      [
       -75.944683,
       4.655262
      ],
      [
       -75.945198,
       4.655249
      ],
      [
       -75.945478,
       4.655183
      ],
      [
       -75.945914,
       4.654868
      ],
      [
       -75.946162,
       4.65456
      ],
      [
       -75.946382,
       4.654528
      ],
      [
       -75.946517,
       4.654554
      ],
      [
       -75.947311,
       4.655292
      ],
      [
       -75.947704,
       4.655499
      ],
      [
       -75.950966,
       4.656656
      ],
      [
       -75.952815,
       4.657248
      ],
      [
       -75.953557,
       4.657355
      ],
      [
       -75.954378,
       4.657548
      ],
      [
       -75.95532,
       4.657855
      ],
      [
       -75.956534,
       4.658048
      ],
      [
       -75.956898,
       4.658176
      ],
      [
       -75.957326,
       4.658448
      ],
      [
       -75.958497,
       4.658548
      ],
      [
       -75.959968,
       4.658833
      ],
      [
       -75.961674,
       4.659361
      ],
      [
       -75.964886,
       4.660732
      ],
      [
       -75.966078,
       4.661324
      ],
      [
       -75.967292,
       4.662238
      ],
      [
       -75.968534,
       4.663223
      ],
      [
       -75.969647,
       4.664258
      ],
      [
       -75.970839,
       4.6656
      ],
      [
       -75.972367,
       4.66752
      ],
      [
       -75.980773,
       4.66723
      ],
      [
       -75.980918,
       4.669115
      ],
      [
       -75.980894,
       4.669332
      ],
      [
       -75.980511,
       4.670167
      ],
      [
       -75.98044,
       4.671163
      ],
      [
       -75.980043,
       4.67243
      ],
      [
       -75.978701,
       4.673169
      ],
      [
       -75.978278,
       4.673609
      ],
      [
       -75.977993,
       4.673752
      ],
      [
       -75.977427,
       4.673819
      ],
      [
       -75.977438,
       4.674111
      ],
      [
       -75.977404,
       4.674408
      ],
      [
       -75.977341,
       4.674506
      ],
      [
       -75.97734,
       4.674729
      ],
      [
       -75.978219,
       4.675326
      ],
      [
       -75.97867,
       4.675556
      ],
      [
       -75.978858,
       4.675866
      ],
      [
       -75.978926,
       4.676514
      ],
      [
       -75.979381,
       4.677494
      ],
      [
       -75.979517,
       4.677671
      ],
      [
       -75.979585,
       4.67813
      ],
      [
       -75.979179,
       4.678547
      ],
      [
       -75.978944,
       4.679897
      ],
      [
       -75.978817,
       4.680149
      ],
      [
       -75.978532,
       4.68044
      ],
      [
       -75.977983,
       4.680714
      ],
      [
       -75.977051,
       4.681353
      ],
      [
       -75.976849,
       4.681593
      ],
      [
       -75.976551,
       4.681273
      ],
      [
       -75.975674,
       4.680912
      ],
      [
       -75.974446,
       4.68056
      ],
      [
       -75.973943,
       4.680508
      ],
      [
       -75.973568,
       4.68064
      ],
      [
       -75.972721,
       4.680777
      ],
      [
       -75.97231,
       4.680918
      ],
      [
       -75.971715,
       4.68121
      ],
      [
       -75.970486,
       4.681682
      ],
      [
       -75.970265,
       4.681813
      ],
      [
       -75.969685,
       4.681879
      ],
      [
       -75.967965,
       4.68157
      ],
      [
       -75.967622,
       4.681737
      ],
      [
       -75.967147,
       4.682108
      ],
      [
       -75.96701,
       4.682257
      ],
      [
       -75.966772,
       4.682691
      ],
      [
       -75.966419,
       4.683702
      ],
      [
       -75.966166,
       4.684101
      ],
      [
       -75.966102,
       4.684312
      ],
      [
       -75.966054,
       4.684645
      ],
      [
       -75.966102,
       4.685021
      ],
      [
       -75.965893,
       4.685504
      ],
      [
       -75.965617,
       4.685948
      ],
      [
       -75.965595,
       4.686097
      ],
      [
       -75.965404,
       4.686377
      ],
      [
       -75.965031,
       4.686657
      ],
      [
       -75.964488,
       4.686966
      ],
      [
       -75.964421,
       4.687068
      ],
      [
       -75.963505,
       4.687765
      ],
      [
       -75.963359,
       4.687926
      ],
      [
       -75.962543,
       4.688378
      ],
      [
       -75.961788,
       4.688582
      ],
      [
       -75.961604,
       4.68868
      ],
      [
       -75.961521,
       4.688365
      ],
      [
       -75.960224,
       4.688182
      ],
      [
       -75.959919,
       4.688192
      ],
      [
       -75.959147,
       4.687985
      ],
      [
       -75.958195,
       4.687922
      ],
      [
       -75.957584,
       4.687687
      ],
      [
       -75.956981,
       4.688333
      ],
      [
       -75.956539,
       4.68863
      ],
      [
       -75.95615,
       4.68879
      ],
      [
       -75.956088,
       4.690019
      ],
      [
       -75.955905,
       4.691233
      ],
      [
       -75.955982,
       4.691662
      ],
      [
       -75.95592,
       4.692823
      ],
      [
       -75.95592,
       4.694024
      ],
      [
       -75.955608,
       4.697749
      ],
      [
       -75.955676,
       4.698235
      ],
      [
       -75.955445,
       4.69828
      ],
      [
       -75.955187,
       4.698727
      ],
      [
       -75.954837,
       4.699533
      ],
      [
       -75.954722,
       4.699608
      ],
      [
       -75.954478,
       4.700001
      ],
      [
       -75.954013,
       4.700504
      ],
      [
       -75.953692,
       4.700779
      ],
      [
       -75.952556,
       4.701557
      ],
      [
       -75.952349,
       4.701762
      ],
      [
       -75.952059,
       4.70218
      ],
      [
       -75.951983,
       4.702494
      ],
      [
       -75.951639,
       4.703375
      ],
      [
       -75.951365,
       4.703718
      ],
      [
       -75.950823,
       4.704209
      ],
      [
       -75.950442,
       4.704644
      ],
      [
       -75.950144,
       4.705129
      ],
      [
       -75.949519,
       4.70568
      ],
      [
       -75.949274,
       4.705782
      ],
      [
       -75.948648,
       4.706198
      ],
      [
       -75.948054,
       4.706776
      ],
      [
       -75.947702,
       4.707433
      ],
      [
       -75.947672,
       4.707748
      ],
      [
       -75.947733,
       4.708286
      ],
      [
       -75.947671,
       4.709041
      ],
      [
       -75.947451,
       4.709654
      ],
      [
       -75.947336,
       4.709379
      ],
      [
       -75.947222,
       4.708383
      ],
      [
       -75.946825,
       4.70594
      ],
      [
       -75.946726,
       4.705636
      ],
      [
       -75.946527,
       4.705282
      ],
      [
       -75.946192,
       4.704933
      ],
      [
       -75.946009,
       4.704829
      ],
      [
       -75.9452,
       4.704565
      ],
      [
       -75.943888,
       4.704302
      ],
      [
       -75.943544,
       4.704244
      ],
      [
       -75.941973,
       4.704192
      ],
      [
       -75.941294,
       4.70407
      ],
      [
       -75.940484,
       4.70363
      ],
      [
       -75.939966,
       4.70324
      ],
      [
       -75.938563,
       4.702444
      ],
      [
       -75.938196,
       4.70218
      ],
      [
       -75.938051,
       4.702039
      ],
      [
       -75.938051,
       4.70194
      ],
      [
       -75.938006,
       4.701906
      ],
      [
       -75.936532,
       4.701282
      ],
      [
       -75.935892,
       4.70091
      ],
      [
       -75.935281,
       4.700411
      ],
      [
       -75.934863,
       4.700187
      ],
      [
       -75.933826,
       4.699874
      ],
      [
       -75.933413,
       4.699892
      ],
      [
       -75.932486,
       4.700069
      ],
      [
       -75.932347,
       4.699969
      ]
     ]
    ]
   },
   "properties": {
    "clase": "seccion_rural",
    "codigo": "76147300105",
    "area_km2": 24.15,
    "cnpv2018_personas": 109,
    "cnpv2018_centros_poblados": 0,
    "cnpv2018_rural_disperso": 109,
    "estimacion_2026": 177,
    "anio": 2026,
    "factor": 1.62606,
    "fuente": "DANE, MGN 2018 integrado con el CNPV 2018 (sección rural)",
    "url": "https://geoportal.dane.gov.co/mparcgis/rest/services/MGN2018/Serv_CapaSeccionRuralInt_2018/MapServer/0"
   }
  },
  {
   "type": "Feature",
   "geometry": {
    "type": "Polygon",
    "coordinates": [
     [
      [
       -75.888921,
       4.683797
      ],
      [
       -75.88907,
       4.68391
      ],
      [
       -75.889222,
       4.683423
      ],
      [
       -75.889368,
       4.68326
      ],
      [
       -75.889281,
       4.683113
      ],
      [
       -75.88926,
       4.682839
      ],
      [
       -75.889307,
       4.682831
      ],
      [
       -75.889351,
       4.682705
      ],
      [
       -75.889307,
       4.68239
      ],
      [
       -75.889362,
       4.682057
      ],
      [
       -75.889405,
       4.682061
      ],
      [
       -75.889486,
       4.681485
      ],
      [
       -75.889604,
       4.681425
      ],
      [
       -75.8896,
       4.681347
      ],
      [
       -75.889387,
       4.681136
      ],
      [
       -75.88945,
       4.680748
      ],
      [
       -75.889364,
       4.680733
      ],
      [
       -75.889378,
       4.680661
      ],
      [
       -75.889459,
       4.680618
      ],
      [
       -75.890144,
       4.679561
      ],
      [
       -75.890488,
       4.679164
      ],
      [
       -75.890302,
       4.679
      ],
      [
       -75.890396,
       4.678844
      ],
      [
       -75.89048,
       4.678853
      ],
      [
       -75.890663,
       4.67866
      ],
      [
       -75.890446,
       4.678434
      ],
      [
       -75.89059,
       4.678105
      ],
      [
       -75.890366,
       4.678059
      ],
      [
       -75.890321,
       4.677849
      ],
      [
       -75.889825,
       4.677015
      ],
      [
       -75.889734,
       4.676728
      ],
      [
       -75.889786,
       4.676474
      ],
      [
       -75.887673,
       4.675643
      ],
      [
       -75.887828,
       4.675455
      ],
      [
       -75.887823,
       4.674962
      ],
      [
       -75.887898,
       4.674727
      ],
      [
       -75.888384,
       4.673939
      ],
      [
       -75.888596,
       4.673298
      ],
      [
       -75.88866,
       4.672921
      ],
      [
       -75.888336,
       4.67213
      ],
      [
       -75.88841,
       4.671368
      ],
      [
       -75.888411,
       4.67118
      ],
      [
       -75.88836,
       4.671094
      ],
      [
       -75.889072,
       4.668685
      ],
      [
       -75.889072,
       4.66849
      ],
      [
       -75.888959,
       4.668181
      ],
      [
       -75.888239,
       4.667377
      ],
      [
       -75.887887,
       4.666792
      ],
      [
       -75.887733,
       4.666197
      ],
      [
       -75.887786,
       4.665761
      ],
      [
       -75.888296,
       4.663748
      ],
      [
       -75.888566,
       4.662482
      ],
      [
       -75.892548,
       4.654965
      ],
      [
       -75.893392,
       4.655206
      ],
      [
       -75.893746,
       4.655196
      ],
      [
       -75.894049,
       4.655128
      ],
      [
       -75.894289,
       4.655042
      ],
      [
       -75.89449,
       4.654871
      ],
      [
       -75.894746,
       4.654809
      ],
      [
       -75.895158,
       4.65481
      ],
      [
       -75.895693,
       4.654966
      ],
      [
       -75.896157,
       4.654893
      ],
      [
       -75.89723,
       4.654873
      ],
      [
       -75.898167,
       4.654909
      ],
      [
       -75.898515,
       4.654966
      ],
      [
       -75.899103,
       4.65494
      ],
      [
       -75.900011,
       4.654759
      ],
      [
       -75.901051,
       4.654699
      ],
      [
       -75.90136,
       4.654637
      ],
      [
       -75.902576,
       4.654663
      ],
      [
       -75.903095,
       4.654739
      ],
      [
       -75.903428,
       4.654676
      ],
      [
       -75.903759,
       4.6547
      ],
      [
       -75.903952,
       4.654781
      ],
      [
       -75.904437,
       4.655285
      ],
      [
       -75.90463,
       4.655366
      ],
      [
       -75.905156,
       4.655419
      ],
      [
       -75.905614,
       4.655305
      ],
      [
       -75.907058,
       4.655921
      ],
      [
       -75.9076,
       4.655946
      ],
      [
       -75.908256,
       4.656177
      ],
      [
       -75.908661,
       4.656246
      ],
      [
       -75.90893,
       4.656241
      ],
      [
       -75.909507,
       4.656117
      ],
      [
       -75.910336,
       4.655769
      ],
      [
       -75.91041,
       4.655678
      ],
      [
       -75.910873,
       4.655417
      ],
      [
       -75.911542,
       4.654919
      ],
      [
       -75.911993,
       4.654664
      ],
      [
       -75.912262,
       4.654566
      ],
      [
       -75.912462,
       4.654704
      ],
      [
       -75.912798,
       4.654825
      ],
      [
       -75.913392,
       4.654942
      ],
      [
       -75.914958,
       4.654773
      ],
      [
       -75.915711,
       4.654993
      ],
      [
       -75.915934,
       4.654999
      ],
      [
       -75.916459,
       4.654909
      ],
      [
       -75.918293,
       4.654792
      ],
      [
       -75.918818,
       4.654635
      ],
      [
       -75.918989,
       4.654645
      ],
      [
       -75.919143,
       4.654771
      ],
      [
       -75.919349,
       4.655144
      ],
      [
       -75.919503,
       4.655265
      ],
      [
       -75.919708,
       4.655328
      ],
      [
       -75.920314,
       4.655376
      ],
      [
       -75.920999,
       4.655217
      ],
      [
       -75.921901,
       4.655243
      ],
      [
       -75.922093,
       4.655191
      ],
      [
       -75.922496,
       4.6566
      ],
      [
       -75.922764,
       4.657318
      ],
      [
       -75.923144,
       4.658021
      ],
      [
       -75.923495,
       4.659076
      ],
      [
       -75.9238,
       4.659811
      ],
      [
       -75.924274,
       4.661536
      ],
      [
       -75.925876,
       4.66494
      ],
      [
       -75.926173,
       4.666776
      ],
      [
       -75.926074,
       4.66941
      ],
      [
       -75.926181,
       4.670448
      ],
      [
       -75.926447,
       4.671805
      ],
      [
       -75.926463,
       4.672333
      ],
      [
       -75.926387,
       4.672892
      ],
      [
       -75.926158,
       4.673769
      ],
      [
       -75.925365,
       4.67613
      ],
      [
       -75.924929,
       4.677678
      ],
      [
       -75.924655,
       4.679658
      ],
      [
       -75.924555,
       4.681413
      ],
      [
       -75.924502,
       4.684176
      ],
      [
       -75.924693,
       4.685734
      ],
      [
       -75.924463,
       4.686821
      ],
      [
       -75.924365,
       4.687954
      ],
      [
       -75.924425,
       4.689332
      ],
      [
       -75.924463,
       4.689517
      ],
      [
       -75.924568,
       4.689656
      ],
      [
       -75.924599,
       4.689942
      ],
      [
       -75.924499,
       4.690201
      ],
      [
       -75.924181,
       4.69039
      ],
      [
       -75.923453,
       4.691578
      ],
      [
       -75.923395,
       4.691707
      ],
      [
       -75.923359,
       4.692595
      ],
      [
       -75.922165,
       4.692277
      ],
      [
       -75.922159,
       4.692622
      ],
      [
       -75.921927,
       4.693282
      ],
      [
       -75.921131,
       4.693156
      ],
      [
       -75.920779,
       4.693247
      ],
      [
       -75.920923,
       4.692709
      ],
      [
       -75.919103,
       4.692082
      ],
      [
       -75.918841,
       4.692701
      ],
      [
       -75.918374,
       4.692354
      ],
      [
       -75.918431,
       4.691345
      ],
      [
       -75.917965,
       4.690937
      ],
      [
       -75.917465,
       4.691593
      ],
      [
       -75.917833,
       4.691997
      ],
      [
       -75.918532,
       4.692539
      ],
      [
       -75.918506,
       4.692578
      ],
      [
       -75.917433,
       4.692672
      ],
      [
       -75.917448,
       4.692894
      ],
      [
       -75.917241,
       4.692904
      ],
      [
       -75.917258,
       4.693084
      ],
      [
       -75.917327,
       4.693081
      ],
      [
       -75.917349,
       4.693231
      ],
      [
       -75.91743,
       4.693224
      ],
      [
       -75.917582,
       4.693926
      ],
      [
       -75.917875,
       4.694495
      ],
      [
       -75.918228,
       4.694197
      ],
      [
       -75.918347,
       4.69433
      ],
      [
       -75.918257,
       4.694575
      ],
      [
       -75.918286,
       4.694941
      ],
      [
       -75.918374,
       4.695389
      ],
      [
       -75.918621,
       4.696176
      ],
      [
       -75.918339,
       4.696202
      ],
      [
       -75.918367,
       4.697529
      ],
      [
       -75.918311,
       4.697588
      ],
      [
       -75.916831,
       4.697697
      ],
      [
       -75.916704,
       4.697847
      ],
      [
       -75.916294,
       4.698784
      ],
      [
       -75.916339,
       4.698909
      ],
      [
       -75.916939,
       4.699328
      ],
      [
       -75.916939,
       4.699575
      ],
      [
       -75.91674,
       4.700197
      ],
      [
       -75.916797,
       4.700509
      ],
      [
       -75.917414,
       4.701013
      ],
      [
       -75.917367,
       4.701378
      ],
      [
       -75.91703,
       4.701727
      ],
      [
       -75.916543,
       4.701932
      ],
      [
       -75.916159,
       4.702309
      ],
      [
       -75.915191,
       4.703423
      ],
      [
       -75.914156,
       4.703925
      ],
      [
       -75.913761,
       4.704405
      ],
      [
       -75.913526,
       4.704536
      ],
      [
       -75.913125,
       4.704719
      ],
      [
       -75.912587,
       4.704838
      ],
      [
       -75.912278,
       4.704992
      ],
      [
       -75.91206,
       4.70526
      ],
      [
       -75.911642,
       4.70606
      ],
      [
       -75.911659,
       4.706375
      ],
      [
       -75.911932,
       4.707221
      ],
      [
       -75.911886,
       4.707421
      ],
      [
       -75.911697,
       4.707535
      ],
      [
       -75.911108,
       4.707752
      ],
      [
       -75.910959,
       4.707895
      ],
      [
       -75.910426,
       4.708569
      ],
      [
       -75.909745,
       4.709203
      ],
      [
       -75.90896,
       4.710276
      ],
      [
       -75.908547,
       4.710579
      ],
      [
       -75.908015,
       4.710762
      ],
      [
       -75.907358,
       4.710772
      ],
      [
       -75.906689,
       4.710869
      ],
      [
       -75.905992,
       4.710737
      ],
      [
       -75.905741,
       4.710473
      ],
      [
       -75.905352,
       4.710312
      ],
      [
       -75.90521,
       4.710301
      ],
      [
       -75.904969,
       4.710381
      ],
      [
       -75.904322,
       4.711215
      ],
      [
       -75.904179,
       4.711312
      ],
      [
       -75.903864,
       4.711374
      ],
      [
       -75.902852,
       4.711442
      ],
      [
       -75.902704,
       4.711493
      ],
      [
       -75.902423,
       4.711773
      ],
      [
       -75.902263,
       4.711864
      ],
      [
       -75.902085,
       4.712104
      ],
      [
       -75.901593,
       4.712356
      ],
      [
       -75.901146,
       4.712395
      ],
      [
       -75.900513,
       4.712262
      ],
      [
       -75.900399,
       4.712309
      ],
      [
       -75.900405,
       4.711676
      ],
      [
       -75.900688,
       4.711624
      ],
      [
       -75.900887,
       4.711475
      ],
      [
       -75.901336,
       4.711442
      ],
      [
       -75.90152,
       4.711357
      ],
      [
       -75.901222,
       4.711076
      ],
      [
       -75.901131,
       4.71091
      ],
      [
       -75.901146,
       4.71059
      ],
      [
       -75.901238,
       4.710435
      ],
      [
       -75.901596,
       4.710213
      ],
      [
       -75.902405,
       4.709927
      ],
      [
       -75.90255,
       4.709755
      ],
      [
       -75.90242,
       4.709349
      ],
      [
       -75.902245,
       4.709234
      ],
      [
       -75.901626,
       4.709165
      ],
      [
       -75.901161,
       4.70917
      ],
      [
       -75.900856,
       4.709102
      ],
      [
       -75.900528,
       4.708896
      ],
      [
       -75.900406,
       4.70873
      ],
      [
       -75.900055,
       4.707894
      ],
      [
       -75.899963,
       4.707333
      ],
      [
       -75.899498,
       4.70544
      ],
      [
       -75.899483,
       4.70489
      ],
      [
       -75.900047,
       4.703335
      ],
      [
       -75.900116,
       4.703095
      ],
      [
       -75.900147,
       4.702643
      ],
      [
       -75.900117,
       4.702139
      ],
      [
       -75.899979,
       4.701522
      ],
      [
       -75.899743,
       4.700806
      ],
      [
       -75.899773,
       4.700595
      ],
      [
       -75.900414,
       4.699507
      ],
      [
       -75.900537,
       4.69908
      ],
      [
       -75.900165,
       4.698724
      ],
      [
       -75.900028,
       4.698694
      ],
      [
       -75.899411,
       4.698825
      ],
      [
       -75.898918,
       4.699168
      ],
      [
       -75.898741,
       4.699219
      ],
      [
       -75.898426,
       4.699196
      ],
      [
       -75.898181,
       4.699099
      ],
      [
       -75.897741,
       4.698829
      ],
      [
       -75.897524,
       4.698498
      ],
      [
       -75.897279,
       4.698275
      ],
      [
       -75.896577,
       4.697833
      ],
      [
       -75.896109,
       4.697364
      ],
      [
       -75.89575,
       4.696906
      ],
      [
       -75.895001,
       4.696402
      ],
      [
       -75.894723,
       4.696099
      ],
      [
       -75.894625,
       4.695916
      ],
      [
       -75.894192,
       4.695664
      ],
      [
       -75.893597,
       4.695652
      ],
      [
       -75.891023,
       4.69339
      ],
      [
       -75.891022,
       4.693053
      ],
      [
       -75.891182,
       4.692086
      ],
      [
       -75.891129,
       4.691503
      ],
      [
       -75.89119,
       4.691354
      ],
      [
       -75.891953,
       4.69064
      ],
      [
       -75.892464,
       4.690079
      ],
      [
       -75.89251,
       4.689861
      ],
      [
       -75.892388,
       4.689656
      ],
      [
       -75.89222,
       4.689587
      ],
      [
       -75.891358,
       4.689529
      ],
      [
       -75.891029,
       4.689391
      ],
      [
       -75.89074,
       4.689162
      ],
      [
       -75.890626,
       4.688836
      ],
      [
       -75.890641,
       4.688201
      ],
      [
       -75.890122,
       4.687692
      ],
      [
       -75.890023,
       4.687337
      ],
      [
       -75.889832,
       4.686919
      ],
      [
       -75.889229,
       4.686427
      ],
      [
       -75.889062,
       4.686003
      ],
      [
       -75.889047,
       4.685699
      ],
      [
       -75.887864,
       4.685715
      ],
      [
       -75.887983,
       4.685581
      ],
      [
       -75.888677,
       4.685325
      ],
      [
       -75.888954,
       4.685094
      ],
      [
       -75.888984,
       4.685012
      ],
      [
       -75.88894,
       4.684652
      ],
      [
       -75.888708,
       4.684063
      ],
      [
       -75.888788,
       4.683775
      ],
      [
       -75.888921,
       4.683797
      ]
     ]
    ]
   },
   "properties": {
    "clase": "seccion_rural",
    "codigo": "76147300205",
    "area_km2": 19.99,
    "cnpv2018_personas": 65,
    "cnpv2018_centros_poblados": 0,
    "cnpv2018_rural_disperso": 65,
    "estimacion_2026": 106,
    "anio": 2026,
    "factor": 1.62606,
    "fuente": "DANE, MGN 2018 integrado con el CNPV 2018 (sección rural)",
    "url": "https://geoportal.dane.gov.co/mparcgis/rest/services/MGN2018/Serv_CapaSeccionRuralInt_2018/MapServer/0"
   }
  },
  {
   "type": "Feature",
   "geometry": {
    "type": "Polygon",
    "coordinates": [
     [
      [
       -75.999938,
       4.720615
      ],
      [
       -75.999473,
       4.720056
      ],
      [
       -75.999552,
       4.719939
      ],
      [
       -75.999357,
       4.719789
      ],
      [
       -75.999425,
       4.719697
      ],
      [
       -75.999531,
       4.719738
      ],
      [
       -75.999633,
       4.719573
      ],
      [
       -75.998971,
       4.718974
      ],
      [
       -75.998678,
       4.719132
      ],
      [
       -75.998465,
       4.718917
      ],
      [
       -75.998196,
       4.718779
      ],
      [
       -75.997985,
       4.718521
      ],
      [
       -75.9979,
       4.718154
      ],
      [
       -75.997769,
       4.717965
      ],
      [
       -75.997255,
       4.717827
      ],
      [
       -75.996993,
       4.717529
      ],
      [
       -75.996729,
       4.717419
      ],
      [
       -75.995869,
       4.717182
      ],
      [
       -75.99515,
       4.716742
      ],
      [
       -75.994606,
       4.716644
      ],
      [
       -75.994042,
       4.715682
      ],
      [
       -75.993835,
       4.715482
      ],
      [
       -75.993327,
       4.715254
      ],
      [
       -75.993116,
       4.715082
      ],
      [
       -75.992984,
       4.714926
      ],
      [
       -75.992773,
       4.714417
      ],
      [
       -75.992185,
       4.714069
      ],
      [
       -75.99163,
       4.713657
      ],
      [
       -75.989657,
       4.711562
      ],
      [
       -75.988377,
       4.710377
      ],
      [
       -75.987573,
       4.709529
      ],
      [
       -75.974047,
       4.716796
      ],
      [
       -75.977949,
       4.699384
      ],
      [
       -75.976471,
       4.697903
      ],
      [
       -75.976032,
       4.697639
      ],
      [
       -75.97574,
       4.697581
      ],
      [
       -75.975402,
       4.697707
      ],
      [
       -75.975139,
       4.697711
      ],
      [
       -75.974922,
       4.697889
      ],
      [
       -75.974728,
       4.697832
      ],
      [
       -75.974602,
       4.697512
      ],
      [
       -75.974518,
       4.69698
      ],
      [
       -75.974479,
       4.695608
      ],
      [
       -75.974212,
       4.694835
      ],
      [
       -75.974087,
       4.694258
      ],
      [
       -75.973916,
       4.694023
      ],
      [
       -75.973808,
       4.693984
      ],
      [
       -75.973734,
       4.694034
      ],
      [
       -75.973389,
       4.694617
      ],
      [
       -75.973269,
       4.694989
      ],
      [
       -75.972856,
       4.695628
      ],
      [
       -75.972765,
       4.695736
      ],
      [
       -75.97257,
       4.695846
      ],
      [
       -75.972216,
       4.695805
      ],
      [
       -75.971976,
       4.695662
      ],
      [
       -75.971154,
       4.694917
      ],
      [
       -75.970955,
       4.694277
      ],
      [
       -75.970842,
       4.693334
      ],
      [
       -75.970603,
       4.692642
      ],
      [
       -75.970718,
       4.692322
      ],
      [
       -75.970987,
       4.692064
      ],
      [
       -75.971216,
       4.691928
      ],
      [
       -75.971429,
       4.691643
      ],
      [
       -75.971463,
       4.691465
      ],
      [
       -75.9714,
       4.691322
      ],
      [
       -75.971275,
       4.691179
      ],
      [
       -75.970029,
       4.690332
      ],
      [
       -75.969875,
       4.690171
      ],
      [
       -75.969687,
       4.690308
      ],
      [
       -75.969578,
       4.690291
      ],
      [
       -75.969332,
       4.690057
      ],
      [
       -75.968944,
       4.689884
      ],
      [
       -75.968567,
       4.689975
      ],
      [
       -75.968379,
       4.689917
      ],
      [
       -75.968299,
       4.689809
      ],
      [
       -75.968156,
       4.689501
      ],
      [
       -75.968014,
       4.688929
      ],
      [
       -75.967987,
       4.688174
      ],
      [
       -75.968062,
       4.687819
      ],
      [
       -75.968,
       4.687299
      ],
      [
       -75.967458,
       4.686932
      ],
      [
       -75.967246,
       4.686606
      ],
      [
       -75.966853,
       4.686217
      ],
      [
       -75.966017,
       4.685234
      ],
      [
       -75.966102,
       4.685021
      ],
      [
       -75.966054,
       4.684645
      ],
      [
       -75.966166,
       4.684101
      ],
      [
       -75.966419,
       4.683702
      ],
      [
       -75.966772,
       4.682691
      ],
      [
       -75.96701,
       4.682257
      ],
      [
       -75.967622,
       4.681737
      ],
      [
       -75.967965,
       4.68157
      ],
      [
       -75.969685,
       4.681879
      ],
      [
       -75.970265,
       4.681813
      ],
      [
       -75.970486,
       4.681682
      ],
      [
       -75.971715,
       4.68121
      ],
      [
       -75.97231,
       4.680918
      ],
      [
       -75.972721,
       4.680777
      ],
      [
       -75.973568,
       4.68064
      ],
      [
       -75.973943,
       4.680508
      ],
      [
       -75.974446,
       4.68056
      ],
      [
       -75.975674,
       4.680912
      ],
      [
       -75.976551,
       4.681273
      ],
      [
       -75.976849,
       4.681593
      ],
      [
       -75.977051,
       4.681353
      ],
      [
       -75.977983,
       4.680714
      ],
      [
       -75.978532,
       4.68044
      ],
      [
       -75.978681,
       4.680309
      ],
      [
       -75.978944,
       4.679897
      ],
      [
       -75.979179,
       4.678547
      ],
      [
       -75.979585,
       4.67813
      ],
      [
       -75.979517,
       4.677671
      ],
      [
       -75.979381,
       4.677494
      ],
      [
       -75.978926,
       4.676514
      ],
      [
       -75.978858,
       4.675866
      ],
      [
       -75.97867,
       4.675556
      ],
      [
       -75.978219,
       4.675326
      ],
      [
       -75.97734,
       4.674729
      ],
      [
       -75.977341,
       4.674506
      ],
      [
       -75.977404,
       4.674408
      ],
      [
       -75.977438,
       4.674111
      ],
      [
       -75.977427,
       4.673819
      ],
      [
       -75.977993,
       4.673752
      ],
      [
       -75.978278,
       4.673609
      ],
      [
       -75.978701,
       4.673169
      ],
      [
       -75.980043,
       4.67243
      ],
      [
       -75.98044,
       4.671163
      ],
      [
       -75.980511,
       4.670167
      ],
      [
       -75.980894,
       4.669332
      ],
      [
       -75.980918,
       4.669115
      ],
      [
       -75.980773,
       4.66723
      ],
      [
       -76.016648,
       4.66599
      ],
      [
       -76.016189,
       4.667044
      ],
      [
       -76.015428,
       4.669328
      ],
      [
       -76.015285,
       4.669918
      ],
      [
       -76.01518,
       4.670766
      ],
      [
       -76.015199,
       4.672298
      ],
      [
       -76.015275,
       4.672764
      ],
      [
       -76.01578,
       4.674668
      ],
      [
       -76.015923,
       4.676952
      ],
      [
       -76.015818,
       4.678456
      ],
      [
       -76.015666,
       4.679256
      ],
      [
       -76.015057,
       4.683539
      ],
      [
       -76.015123,
       4.684367
      ],
      [
       -76.016477,
       4.687918
      ],
      [
       -76.016561,
       4.688505
      ],
      [
       -76.016577,
       4.689108
      ],
      [
       -76.016527,
       4.689711
      ],
      [
       -76.016158,
       4.691136
      ],
      [
       -76.015834,
       4.692755
      ],
      [
       -76.015762,
       4.693426
      ],
      [
       -76.015719,
       4.694411
      ],
      [
       -76.015848,
       4.69591
      ],
      [
       -76.015862,
       4.697937
      ],
      [
       -76.015791,
       4.698794
      ],
      [
       -76.015619,
       4.699622
      ],
      [
       -76.015334,
       4.700036
      ],
      [
       -76.013721,
       4.701763
      ],
      [
       -76.010366,
       4.704733
      ],
      [
       -76.008709,
       4.706475
      ],
      [
       -76.008096,
       4.707374
      ],
      [
       -76.007667,
       4.708531
      ],
      [
       -76.007482,
       4.709687
      ],
      [
       -76.007353,
       4.710886
      ],
      [
       -76.007287,
       4.713275
      ],
      [
       -76.007172,
       4.714474
      ],
      [
       -76.006963,
       4.71516
      ],
      [
       -76.00603,
       4.716549
      ],
      [
       -76.005193,
       4.717311
      ],
      [
       -76.003594,
       4.71851
      ],
      [
       -76.001766,
       4.719633
      ],
      [
       -75.999938,
       4.720615
      ]
     ]
    ]
   },
   "properties": {
    "clase": "seccion_rural",
    "codigo": "76147300104",
    "area_km2": 23.08,
    "cnpv2018_personas": 167,
    "cnpv2018_centros_poblados": 90,
    "cnpv2018_rural_disperso": 77,
    "estimacion_2026": 272,
    "anio": 2026,
    "factor": 1.62606,
    "fuente": "DANE, MGN 2018 integrado con el CNPV 2018 (sección rural)",
    "url": "https://geoportal.dane.gov.co/mparcgis/rest/services/MGN2018/Serv_CapaSeccionRuralInt_2018/MapServer/0"
   }
  },
  {
   "type": "Feature",
   "geometry": {
    "type": "Polygon",
    "coordinates": [
     [
      [
       -75.932347,
       4.699969
      ],
      [
       -75.932486,
       4.700069
      ],
      [
       -75.933413,
       4.699892
      ],
      [
       -75.933826,
       4.699874
      ],
      [
       -75.934863,
       4.700187
      ],
      [
       -75.935281,
       4.700411
      ],
      [
       -75.935892,
       4.70091
      ],
      [
       -75.936532,
       4.701282
      ],
      [
       -75.938006,
       4.701906
      ],
      [
       -75.938051,
       4.70194
      ],
      [
       -75.938051,
       4.702039
      ],
      [
       -75.938196,
       4.70218
      ],
      [
       -75.938563,
       4.702444
      ],
      [
       -75.939966,
       4.70324
      ],
      [
       -75.940484,
       4.70363
      ],
      [
       -75.941294,
       4.70407
      ],
      [
       -75.941973,
       4.704192
      ],
      [
       -75.943544,
       4.704244
      ],
      [
       -75.943888,
       4.704302
      ],
      [
       -75.9452,
       4.704565
      ],
      [
       -75.946009,
       4.704829
      ],
      [
       -75.946192,
       4.704933
      ],
      [
       -75.946527,
       4.705282
      ],
      [
       -75.946726,
       4.705636
      ],
      [
       -75.946825,
       4.70594
      ],
      [
       -75.947222,
       4.708383
      ],
      [
       -75.947336,
       4.709379
      ],
      [
       -75.947451,
       4.709654
      ],
      [
       -75.947671,
       4.709041
      ],
      [
       -75.947733,
       4.708286
      ],
      [
       -75.947672,
       4.707748
      ],
      [
       -75.947702,
       4.707433
      ],
      [
       -75.948054,
       4.706776
      ],
      [
       -75.948648,
       4.706198
      ],
      [
       -75.949274,
       4.705782
      ],
      [
       -75.949519,
       4.70568
      ],
      [
       -75.950144,
       4.705129
      ],
      [
       -75.950442,
       4.704644
      ],
      [
       -75.950823,
       4.704209
      ],
      [
       -75.951365,
       4.703718
      ],
      [
       -75.951639,
       4.703375
      ],
      [
       -75.951983,
       4.702494
      ],
      [
       -75.952059,
       4.70218
      ],
      [
       -75.952349,
       4.701762
      ],
      [
       -75.952556,
       4.701557
      ],
      [
       -75.953692,
       4.700779
      ],
      [
       -75.954013,
       4.700504
      ],
      [
       -75.954478,
       4.700001
      ],
      [
       -75.954722,
       4.699608
      ],
      [
       -75.954837,
       4.699533
      ],
      [
       -75.955187,
       4.698727
      ],
      [
       -75.955445,
       4.69828
      ],
      [
       -75.955676,
       4.698235
      ],
      [
       -75.955608,
       4.697749
      ],
      [
       -75.95592,
       4.694024
      ],
      [
       -75.95592,
       4.692823
      ],
      [
       -75.955982,
       4.691662
      ],
      [
       -75.955905,
       4.691233
      ],
      [
       -75.956088,
       4.690019
      ],
      [
       -75.95615,
       4.68879
      ],
      [
       -75.956539,
       4.68863
      ],
      [
       -75.956981,
       4.688333
      ],
      [
       -75.957584,
       4.687687
      ],
      [
       -75.958195,
       4.687922
      ],
      [
       -75.959147,
       4.687985
      ],
      [
       -75.959919,
       4.688192
      ],
      [
       -75.960224,
       4.688182
      ],
      [
       -75.961521,
       4.688365
      ],
      [
       -75.961604,
       4.68868
      ],
      [
       -75.961788,
       4.688582
      ],
      [
       -75.962543,
       4.688378
      ],
      [
       -75.963359,
       4.687926
      ],
      [
       -75.963505,
       4.687765
      ],
      [
       -75.964421,
       4.687068
      ],
      [
       -75.964488,
       4.686966
      ],
      [
       -75.965031,
       4.686657
      ],
      [
       -75.965404,
       4.686377
      ],
      [
       -75.965595,
       4.686097
      ],
      [
       -75.965617,
       4.685948
      ],
      [
       -75.966017,
       4.685234
      ],
      [
       -75.966853,
       4.686217
      ],
      [
       -75.967246,
       4.686606
      ],
      [
       -75.967458,
       4.686932
      ],
      [
       -75.968,
       4.687299
      ],
      [
       -75.968062,
       4.687819
      ],
      [
       -75.967987,
       4.688174
      ],
      [
       -75.968014,
       4.688929
      ],
      [
       -75.968156,
       4.689501
      ],
      [
       -75.968379,
       4.689917
      ],
      [
       -75.968567,
       4.689975
      ],
      [
       -75.968944,
       4.689884
      ],
      [
       -75.969332,
       4.690057
      ],
      [
       -75.969607,
       4.690297
      ],
      [
       -75.969687,
       4.690308
      ],
      [
       -75.969875,
       4.690171
      ],
      [
       -75.970029,
       4.690332
      ],
      [
       -75.971275,
       4.691179
      ],
      [
       -75.9714,
       4.691322
      ],
      [
       -75.971463,
       4.691465
      ],
      [
       -75.971429,
       4.691643
      ],
      [
       -75.971216,
       4.691928
      ],
      [
       -75.970987,
       4.692064
      ],
      [
       -75.970718,
       4.692322
      ],
      [
       -75.970603,
       4.692642
      ],
      [
       -75.970842,
       4.693334
      ],
      [
       -75.970955,
       4.694277
      ],
      [
       -75.971154,
       4.694917
      ],
      [
       -75.971976,
       4.695662
      ],
      [
       -75.972216,
       4.695805
      ],
      [
       -75.97257,
       4.695846
      ],
      [
       -75.972765,
       4.695736
      ],
      [
       -75.972856,
       4.695628
      ],
      [
       -75.973269,
       4.694989
      ],
      [
       -75.973389,
       4.694617
      ],
      [
       -75.973734,
       4.694034
      ],
      [
       -75.973808,
       4.693984
      ],
      [
       -75.973916,
       4.694023
      ],
      [
       -75.974087,
       4.694258
      ],
      [
       -75.974212,
       4.694835
      ],
      [
       -75.974479,
       4.695608
      ],
      [
       -75.974518,
       4.69698
      ],
      [
       -75.974602,
       4.697512
      ],
      [
       -75.974728,
       4.697832
      ],
      [
       -75.974922,
       4.697889
      ],
      [
       -75.975139,
       4.697711
      ],
      [
       -75.975402,
       4.697707
      ],
      [
       -75.97574,
       4.697581
      ],
      [
       -75.976032,
       4.697639
      ],
      [
       -75.976471,
       4.697903
      ],
      [
       -75.977949,
       4.699384
      ],
      [
       -75.974047,
       4.716796
      ],
      [
       -75.973391,
       4.716697
      ],
      [
       -75.972835,
       4.716514
      ],
      [
       -75.971827,
       4.716044
      ],
      [
       -75.971179,
       4.715655
      ],
      [
       -75.970728,
       4.715592
      ],
      [
       -75.969424,
       4.716363
      ],
      [
       -75.968348,
       4.716877
      ],
      [
       -75.968158,
       4.717066
      ],
      [
       -75.967669,
       4.717351
      ],
      [
       -75.967524,
       4.717489
      ],
      [
       -75.967333,
       4.717791
      ],
      [
       -75.965563,
       4.718743
      ],
      [
       -75.965323,
       4.718782
      ],
      [
       -75.963573,
       4.718666
      ],
      [
       -75.96271,
       4.718899
      ],
      [
       -75.962361,
       4.718921
      ],
      [
       -75.96183,
       4.718705
      ],
      [
       -75.961703,
       4.718699
      ],
      [
       -75.960806,
       4.719172
      ],
      [
       -75.960273,
       4.719737
      ],
      [
       -75.95981,
       4.719846
      ],
      [
       -75.959798,
       4.71992
      ],
      [
       -75.959312,
       4.719965
      ],
      [
       -75.959015,
       4.719856
      ],
      [
       -75.958661,
       4.71981
      ],
      [
       -75.957545,
       4.720175
      ],
      [
       -75.957357,
       4.720448
      ],
      [
       -75.956789,
       4.721083
      ],
      [
       -75.956555,
       4.721317
      ],
      [
       -75.956331,
       4.721459
      ],
      [
       -75.956199,
       4.721672
      ],
      [
       -75.955696,
       4.7221
      ],
      [
       -75.954956,
       4.723152
      ],
      [
       -75.954796,
       4.723454
      ],
      [
       -75.954246,
       4.724168
      ],
      [
       -75.953948,
       4.724442
      ],
      [
       -75.953794,
       4.724505
      ],
      [
       -75.953656,
       4.724659
      ],
      [
       -75.95341,
       4.725144
      ],
      [
       -75.953225,
       4.725687
      ],
      [
       -75.95291,
       4.726363
      ],
      [
       -75.95295,
       4.726619
      ],
      [
       -75.953206,
       4.727232
      ],
      [
       -75.953183,
       4.727397
      ],
      [
       -75.952999,
       4.72778
      ],
      [
       -75.952929,
       4.72826
      ],
      [
       -75.952769,
       4.728551
      ],
      [
       -75.952586,
       4.7287
      ],
      [
       -75.952253,
       4.7291
      ],
      [
       -75.951715,
       4.729585
      ],
      [
       -75.951435,
       4.730008
      ],
      [
       -75.951176,
       4.7303
      ],
      [
       -75.950948,
       4.730408
      ],
      [
       -75.950828,
       4.730401
      ],
      [
       -75.950319,
       4.730247
      ],
      [
       -75.949799,
       4.730189
      ],
      [
       -75.949685,
       4.730161
      ],
      [
       -75.949028,
       4.729765
      ],
      [
       -75.94856,
       4.729644
      ],
      [
       -75.948303,
       4.729633
      ],
      [
       -75.948113,
       4.729764
      ],
      [
       -75.94777,
       4.730205
      ],
      [
       -75.947787,
       4.730416
      ],
      [
       -75.948391,
       4.731176
      ],
      [
       -75.949967,
       4.732259
      ],
      [
       -75.952063,
       4.733479
      ],
      [
       -75.952115,
       4.733554
      ],
      [
       -75.952028,
       4.733942
      ],
      [
       -75.952062,
       4.734217
      ],
      [
       -75.951967,
       4.734643
      ],
      [
       -75.952218,
       4.73468
      ],
      [
       -75.952576,
       4.734515
      ],
      [
       -75.952698,
       4.734503
      ],
      [
       -75.952866,
       4.73436
      ],
      [
       -75.952889,
       4.734143
      ],
      [
       -75.952813,
       4.733771
      ],
      [
       -75.953248,
       4.733754
      ],
      [
       -75.95398,
       4.733846
      ],
      [
       -75.954117,
       4.733807
      ],
      [
       -75.954744,
       4.733206
      ],
      [
       -75.954858,
       4.733166
      ],
      [
       -75.95511,
       4.733206
      ],
      [
       -75.955437,
       4.733395
      ],
      [
       -75.95527,
       4.734322
      ],
      [
       -75.954682,
       4.735546
      ],
      [
       -75.954384,
       4.735935
      ],
      [
       -75.954103,
       4.736066
      ],
      [
       -75.95395,
       4.736192
      ],
      [
       -75.95369,
       4.736694
      ],
      [
       -75.952729,
       4.737393
      ],
      [
       -75.9526,
       4.737535
      ],
      [
       -75.952104,
       4.738468
      ],
      [
       -75.951767,
       4.738907
      ],
      [
       -75.951897,
       4.739079
      ],
      [
       -75.951676,
       4.739241
      ],
      [
       -75.951218,
       4.739748
      ],
      [
       -75.951134,
       4.739913
      ],
      [
       -75.951074,
       4.739937
      ],
      [
       -75.951035,
       4.740325
      ],
      [
       -75.950859,
       4.740297
      ],
      [
       -75.950662,
       4.7404
      ],
      [
       -75.949753,
       4.740645
      ],
      [
       -75.949463,
       4.740828
      ],
      [
       -75.949089,
       4.740925
      ],
      [
       -75.948617,
       4.741228
      ],
      [
       -75.948388,
       4.741296
      ],
      [
       -75.946633,
       4.742188
      ],
      [
       -75.946205,
       4.742473
      ],
      [
       -75.945465,
       4.743113
      ],
      [
       -75.945244,
       4.743131
      ],
      [
       -75.944961,
       4.743227
      ],
      [
       -75.944413,
       4.743278
      ],
      [
       -75.944138,
       4.743227
      ],
      [
       -75.942589,
       4.742676
      ],
      [
       -75.941429,
       4.742714
      ],
      [
       -75.941269,
       4.742904
      ],
      [
       -75.941024,
       4.743075
      ],
      [
       -75.940155,
       4.743452
      ],
      [
       -75.939728,
       4.743721
      ],
      [
       -75.939697,
       4.743858
      ],
      [
       -75.939575,
       4.744012
      ],
      [
       -75.939522,
       4.744373
      ],
      [
       -75.939323,
       4.744515
      ],
      [
       -75.938827,
       4.744704
      ],
      [
       -75.938484,
       4.745155
      ],
      [
       -75.938439,
       4.745298
      ],
      [
       -75.937767,
       4.746339
      ],
      [
       -75.937713,
       4.746562
      ],
      [
       -75.937423,
       4.747123
      ],
      [
       -75.936729,
       4.747952
      ],
      [
       -75.936637,
       4.747991
      ],
      [
       -75.936409,
       4.747963
      ],
      [
       -75.936065,
       4.748002
      ],
      [
       -75.935923,
       4.748068
      ],
      [
       -75.935138,
       4.747693
      ],
      [
       -75.934595,
       4.747616
      ],
      [
       -75.934077,
       4.747635
      ],
      [
       -75.933395,
       4.747937
      ],
      [
       -75.932455,
       4.747881
      ],
      [
       -75.931834,
       4.747896
      ],
      [
       -75.931099,
       4.747631
      ],
      [
       -75.929375,
       4.747247
      ],
      [
       -75.929057,
       4.746835
      ],
      [
       -75.927462,
       4.746382
      ],
      [
       -75.927329,
       4.74623
      ],
      [
       -75.927262,
       4.74587
      ],
      [
       -75.926605,
       4.745536
      ],
      [
       -75.925763,
       4.745275
      ],
      [
       -75.925415,
       4.744841
      ],
      [
       -75.924735,
       4.744551
      ],
      [
       -75.924154,
       4.744228
      ],
      [
       -75.923719,
       4.744297
      ],
      [
       -75.923687,
       4.74395
      ],
      [
       -75.923583,
       4.743944
      ],
      [
       -75.923621,
       4.743326
      ],
      [
       -75.923525,
       4.743138
      ],
      [
       -75.923555,
       4.74279
      ],
      [
       -75.923201,
       4.742131
      ],
      [
       -75.923256,
       4.742048
      ],
      [
       -75.922815,
       4.741748
      ],
      [
       -75.922909,
       4.741608
      ],
      [
       -75.922791,
       4.741535
      ],
      [
       -75.922818,
       4.741492
      ],
      [
       -75.922714,
       4.741054
      ],
      [
       -75.922977,
       4.740597
      ],
      [
       -75.922954,
       4.73997
      ],
      [
       -75.923275,
       4.737882
      ],
      [
       -75.923395,
       4.735639
      ],
      [
       -75.924771,
       4.73558
      ],
      [
       -75.924872,
       4.734343
      ],
      [
       -75.925437,
       4.734426
      ],
      [
       -75.925711,
       4.732683
      ],
      [
       -75.925193,
       4.732517
      ],
      [
       -75.925283,
       4.731922
      ],
      [
       -75.924713,
       4.731544
      ],
      [
       -75.924227,
       4.73205
      ],
      [
       -75.923862,
       4.732345
      ],
      [
       -75.92313,
       4.73269
      ],
      [
       -75.922968,
       4.732714
      ],
      [
       -75.921288,
       4.732685
      ],
      [
       -75.920018,
       4.732804
      ],
      [
       -75.919189,
       4.732656
      ],
      [
       -75.919023,
       4.732761
      ],
      [
       -75.918899,
       4.733268
      ],
      [
       -75.918809,
       4.733384
      ],
      [
       -75.918709,
       4.733408
      ],
      [
       -75.917748,
       4.73324
      ],
      [
       -75.917489,
       4.733244
      ],
      [
       -75.917471,
       4.733204
      ],
      [
       -75.917788,
       4.732465
      ],
      [
       -75.916907,
       4.732118
      ],
      [
       -75.91862,
       4.728286
      ],
      [
       -75.919726,
       4.725666
      ],
      [
       -75.920325,
       4.723301
      ],
      [
       -75.921789,
       4.71577
      ],
      [
       -75.922124,
       4.714521
      ],
      [
       -75.923116,
       4.712322
      ],
      [
       -75.923202,
       4.712344
      ],
      [
       -75.923901,
       4.711138
      ],
      [
       -75.925036,
       4.709375
      ],
      [
       -75.926164,
       4.707405
      ],
      [
       -75.928205,
       4.70223
      ],
      [
       -75.928725,
       4.700777
      ],
      [
       -75.930526,
       4.70088
      ],
      [
       -75.930526,
       4.702083
      ],
      [
       -75.931251,
       4.702112
      ],
      [
       -75.931282,
       4.700176
      ],
      [
       -75.931776,
       4.700114
      ],
      [
       -75.932347,
       4.699969
      ]
     ]
    ]
   },
   "properties": {
    "clase": "seccion_rural",
    "codigo": "76147300103",
    "area_km2": 23.19,
    "cnpv2018_personas": 964,
    "cnpv2018_centros_poblados": 0,
    "cnpv2018_rural_disperso": 964,
    "estimacion_2026": 1568,
    "anio": 2026,
    "factor": 1.62606,
    "fuente": "DANE, MGN 2018 integrado con el CNPV 2018 (sección rural)",
    "url": "https://geoportal.dane.gov.co/mparcgis/rest/services/MGN2018/Serv_CapaSeccionRuralInt_2018/MapServer/0"
   }
  },
  {
   "type": "Feature",
   "geometry": {
    "type": "Polygon",
    "coordinates": [
     [
      [
       -75.851038,
       4.778112
      ],
      [
       -75.850497,
       4.778065
      ],
      [
       -75.850223,
       4.778095
      ],
      [
       -75.849913,
       4.778005
      ],
      [
       -75.849331,
       4.777553
      ],
      [
       -75.848718,
       4.777232
      ],
      [
       -75.848409,
       4.777012
      ],
      [
       -75.848141,
       4.776774
      ],
      [
       -75.84798,
       4.776483
      ],
      [
       -75.847891,
       4.776221
      ],
      [
       -75.847898,
       4.77596
      ],
      [
       -75.847964,
       4.775332
      ],
      [
       -75.84811,
       4.774874
      ],
      [
       -75.84814,
       4.774307
      ],
      [
       -75.847924,
       4.773536
      ],
      [
       -75.847602,
       4.772956
      ],
      [
       -75.846802,
       4.772552
      ],
      [
       -75.846499,
       4.772116
      ],
      [
       -75.84629,
       4.771497
      ],
      [
       -75.84624,
       4.770996
      ],
      [
       -75.846313,
       4.770531
      ],
      [
       -75.846437,
       4.770247
      ],
      [
       -75.846778,
       4.769739
      ],
      [
       -75.846968,
       4.769158
      ],
      [
       -75.84702,
       4.768591
      ],
      [
       -75.846767,
       4.768191
      ],
      [
       -75.84634,
       4.767688
      ],
      [
       -75.8454,
       4.76669
      ],
      [
       -75.845165,
       4.766254
      ],
      [
       -75.845099,
       4.764756
      ],
      [
       -75.844919,
       4.763833
      ],
      [
       -75.844906,
       4.763018
      ],
      [
       -75.845045,
       4.762306
      ],
      [
       -75.845017,
       4.761695
      ],
      [
       -75.844779,
       4.761106
      ],
      [
       -75.844556,
       4.760313
      ],
      [
       -75.844543,
       4.759659
      ],
      [
       -75.844653,
       4.75883
      ],
      [
       -75.844835,
       4.758409
      ],
      [
       -75.845409,
       4.757683
      ],
      [
       -75.846476,
       4.756733
      ],
      [
       -75.84657,
       4.756587
      ],
      [
       -75.846672,
       4.756108
      ],
      [
       -75.846638,
       4.755264
      ],
      [
       -75.846465,
       4.754443
      ],
      [
       -75.846338,
       4.753499
      ],
      [
       -75.846345,
       4.75286
      ],
      [
       -75.847013,
       4.750864
      ],
      [
       -75.847001,
       4.750244
      ],
      [
       -75.846924,
       4.749933
      ],
      [
       -75.846552,
       4.749325
      ],
      [
       -75.84641,
       4.748989
      ],
      [
       -75.846373,
       4.748498
      ],
      [
       -75.846441,
       4.748
      ],
      [
       -75.847292,
       4.746018
      ],
      [
       -75.847384,
       4.744932
      ],
      [
       -75.847321,
       4.744028
      ],
      [
       -75.847685,
       4.742322
      ],
      [
       -75.847932,
       4.740759
      ],
      [
       -75.848218,
       4.739596
      ],
      [
       -75.84858,
       4.738537
      ],
      [
       -75.849174,
       4.737659
      ],
      [
       -75.850052,
       4.736705
      ],
      [
       -75.851149,
       4.735841
      ],
      [
       -75.85218,
       4.735222
      ],
      [
       -75.853212,
       4.734746
      ],
      [
       -75.853872,
       4.734285
      ],
      [
       -75.856192,
       4.73192
      ],
      [
       -75.856439,
       4.731029
      ],
      [
       -75.856363,
       4.730266
      ],
      [
       -75.856042,
       4.729335
      ],
      [
       -75.855941,
       4.728521
      ],
      [
       -75.856099,
       4.72783
      ],
      [
       -75.856351,
       4.727451
      ],
      [
       -75.856594,
       4.726594
      ],
      [
       -75.856551,
       4.72608
      ],
      [
       -75.856337,
       4.725181
      ],
      [
       -75.856066,
       4.724538
      ],
      [
       -75.855966,
       4.723668
      ],
      [
       -75.856051,
       4.723282
      ],
      [
       -75.856594,
       4.722183
      ],
      [
       -75.856651,
       4.721826
      ],
      [
       -75.856565,
       4.721412
      ],
      [
       -75.856137,
       4.72007
      ],
      [
       -75.856009,
       4.719242
      ],
      [
       -75.855897,
       4.71804
      ],
      [
       -75.855873,
       4.717017
      ],
      [
       -75.855932,
       4.716291
      ],
      [
       -75.85642,
       4.713614
      ],
      [
       -75.857144,
       4.71163
      ],
      [
       -75.857567,
       4.711771
      ],
      [
       -75.857543,
       4.711927
      ],
      [
       -75.858015,
       4.712137
      ],
      [
       -75.857954,
       4.712403
      ],
      [
       -75.857962,
       4.71274
      ],
      [
       -75.858084,
       4.713085
      ],
      [
       -75.858336,
       4.71325
      ],
      [
       -75.858732,
       4.713368
      ],
      [
       -75.859228,
       4.713643
      ],
      [
       -75.859212,
       4.713778
      ],
      [
       -75.858908,
       4.714148
      ],
      [
       -75.858671,
       4.714601
      ],
      [
       -75.858663,
       4.714871
      ],
      [
       -75.858747,
       4.715171
      ],
      [
       -75.858626,
       4.715653
      ],
      [
       -75.858252,
       4.716127
      ],
      [
       -75.858327,
       4.716788
      ],
      [
       -75.85832,
       4.717295
      ],
      [
       -75.858198,
       4.717754
      ],
      [
       -75.85803,
       4.718029
      ],
      [
       -75.857999,
       4.718205
      ],
      [
       -75.858214,
       4.718551
      ],
      [
       -75.858297,
       4.718612
      ],
      [
       -75.858412,
       4.718604
      ],
      [
       -75.858679,
       4.718473
      ],
      [
       -75.859587,
       4.718466
      ],
      [
       -75.860426,
       4.717836
      ],
      [
       -75.861311,
       4.717042
      ],
      [
       -75.861471,
       4.716941
      ],
      [
       -75.861639,
       4.717009
      ],
      [
       -75.861723,
       4.717449
      ],
      [
       -75.861745,
       4.718354
      ],
      [
       -75.861951,
       4.719166
      ],
      [
       -75.862081,
       4.719488
      ],
      [
       -75.862097,
       4.719693
      ],
      [
       -75.862005,
       4.719887
      ],
      [
       -75.861594,
       4.720088
      ],
      [
       -75.861318,
       4.720356
      ],
      [
       -75.861243,
       4.720562
      ],
      [
       -75.861235,
       4.721031
      ],
      [
       -75.861089,
       4.721178
      ],
      [
       -75.860838,
       4.721241
      ],
      [
       -75.86067,
       4.721352
      ],
      [
       -75.86051,
       4.721584
      ],
      [
       -75.860502,
       4.721885
      ],
      [
       -75.860632,
       4.722513
      ],
      [
       -75.860873,
       4.723029
      ],
      [
       -75.860883,
       4.726225
      ],
      [
       -75.861341,
       4.726299
      ],
      [
       -75.861638,
       4.7265
      ],
      [
       -75.862111,
       4.727839
      ],
      [
       -75.86231,
       4.728182
      ],
      [
       -75.862607,
       4.728446
      ],
      [
       -75.862844,
       4.728526
      ],
      [
       -75.863019,
       4.728521
      ],
      [
       -75.863271,
       4.728332
      ],
      [
       -75.863538,
       4.727989
      ],
      [
       -75.863844,
       4.727812
      ],
      [
       -75.864401,
       4.727737
      ],
      [
       -75.864477,
       4.727789
      ],
      [
       -75.864744,
       4.727819
      ],
      [
       -75.865903,
       4.727807
      ],
      [
       -75.866079,
       4.727867
      ],
      [
       -75.866163,
       4.72798
      ],
      [
       -75.866498,
       4.728197
      ],
      [
       -75.867544,
       4.728204
      ],
      [
       -75.86804,
       4.728302
      ],
      [
       -75.868269,
       4.728805
      ],
      [
       -75.868375,
       4.729314
      ],
      [
       -75.86849,
       4.729589
      ],
      [
       -75.868696,
       4.729716
      ],
      [
       -75.869223,
       4.729807
      ],
      [
       -75.869795,
       4.729326
      ],
      [
       -75.870459,
       4.729047
      ],
      [
       -75.870893,
       4.728602
      ],
      [
       -75.870985,
       4.728533
      ],
      [
       -75.871107,
       4.728533
      ],
      [
       -75.871252,
       4.728414
      ],
      [
       -75.87145,
       4.727859
      ],
      [
       -75.871847,
       4.727453
      ],
      [
       -75.871862,
       4.727212
      ],
      [
       -75.871687,
       4.726703
      ],
      [
       -75.871832,
       4.726634
      ],
      [
       -75.871939,
       4.726509
      ],
      [
       -75.872946,
       4.725944
      ],
      [
       -75.873587,
       4.725743
      ],
      [
       -75.873816,
       4.726356
      ],
      [
       -75.874106,
       4.726625
      ],
      [
       -75.874769,
       4.726894
      ],
      [
       -75.876524,
       4.727393
      ],
      [
       -75.876959,
       4.727273
      ],
      [
       -75.877371,
       4.726942
      ],
      [
       -75.87776,
       4.72672
      ],
      [
       -75.878019,
       4.726491
      ],
      [
       -75.879134,
       4.726189
      ],
      [
       -75.879546,
       4.726006
      ],
      [
       -75.879615,
       4.725863
      ],
      [
       -75.880468,
       4.725315
      ],
      [
       -75.881087,
       4.725213
      ],
      [
       -75.882415,
       4.724607
      ],
      [
       -75.882826,
       4.724493
      ],
      [
       -75.884176,
       4.724666
      ],
      [
       -75.887411,
       4.725532
      ],
      [
       -75.888548,
       4.726065
      ],
      [
       -75.888991,
       4.726112
      ],
      [
       -75.889495,
       4.725906
      ],
      [
       -75.889998,
       4.726083
      ],
      [
       -75.890166,
       4.726376
      ],
      [
       -75.890227,
       4.726799
      ],
      [
       -75.890227,
       4.727239
      ],
      [
       -75.890288,
       4.727508
      ],
      [
       -75.890433,
       4.727652
      ],
      [
       -75.890852,
       4.727799
      ],
      [
       -75.892127,
       4.727768
      ],
      [
       -75.892196,
       4.727784
      ],
      [
       -75.892196,
       4.727825
      ],
      [
       -75.892363,
       4.727728
      ],
      [
       -75.892623,
       4.727837
      ],
      [
       -75.89276,
       4.728009
      ],
      [
       -75.892959,
       4.728432
      ],
      [
       -75.892989,
       4.728603
      ],
      [
       -75.892935,
       4.728878
      ],
      [
       -75.893111,
       4.729592
      ],
      [
       -75.893523,
       4.729794
      ],
      [
       -75.893881,
       4.730252
      ],
      [
       -75.893958,
       4.730469
      ],
      [
       -75.893996,
       4.730864
      ],
      [
       -75.893699,
       4.732334
      ],
      [
       -75.893607,
       4.732522
      ],
      [
       -75.893156,
       4.732521
      ],
      [
       -75.892851,
       4.732602
      ],
      [
       -75.892775,
       4.732734
      ],
      [
       -75.892775,
       4.732876
      ],
      [
       -75.892836,
       4.733031
      ],
      [
       -75.892958,
       4.733082
      ],
      [
       -75.893759,
       4.733031
      ],
      [
       -75.894004,
       4.733157
      ],
      [
       -75.893957,
       4.733323
      ],
      [
       -75.893576,
       4.733444
      ],
      [
       -75.893446,
       4.733547
      ],
      [
       -75.893355,
       4.733764
      ],
      [
       -75.893378,
       4.734032
      ],
      [
       -75.893568,
       4.734032
      ],
      [
       -75.894068,
       4.733682
      ],
      [
       -75.894421,
       4.733636
      ],
      [
       -75.894553,
       4.733665
      ],
      [
       -75.894674,
       4.733779
      ],
      [
       -75.89471,
       4.733915
      ],
      [
       -75.894689,
       4.734468
      ],
      [
       -75.894906,
       4.735117
      ],
      [
       -75.894913,
       4.735307
      ],
      [
       -75.894706,
       4.736163
      ],
      [
       -75.894395,
       4.736415
      ],
      [
       -75.894357,
       4.736674
      ],
      [
       -75.894414,
       4.736795
      ],
      [
       -75.894785,
       4.737027
      ],
      [
       -75.895003,
       4.737452
      ],
      [
       -75.895217,
       4.737491
      ],
      [
       -75.895899,
       4.737462
      ],
      [
       -75.896002,
       4.737501
      ],
      [
       -75.896261,
       4.737775
      ],
      [
       -75.896393,
       4.737996
      ],
      [
       -75.896464,
       4.738792
      ],
      [
       -75.896639,
       4.73902
      ],
      [
       -75.896864,
       4.739088
      ],
      [
       -75.896996,
       4.739088
      ],
      [
       -75.897271,
       4.738952
      ],
      [
       -75.898652,
       4.737136
      ],
      [
       -75.898902,
       4.736904
      ],
      [
       -75.899073,
       4.736825
      ],
      [
       -75.899587,
       4.736815
      ],
      [
       -75.899801,
       4.736911
      ],
      [
       -75.900115,
       4.737146
      ],
      [
       -75.90034,
       4.737218
      ],
      [
       -75.900979,
       4.737164
      ],
      [
       -75.90134,
       4.737193
      ],
      [
       -75.901554,
       4.737271
      ],
      [
       -75.901747,
       4.7375
      ],
      [
       -75.901857,
       4.737754
      ],
      [
       -75.901792,
       4.738064
      ],
      [
       -75.901414,
       4.739006
      ],
      [
       -75.900741,
       4.740119
      ],
      [
       -75.900899,
       4.740984
      ],
      [
       -75.901169,
       4.741252
      ],
      [
       -75.901371,
       4.7421
      ],
      [
       -75.901721,
       4.744399
      ],
      [
       -75.901522,
       4.745608
      ],
      [
       -75.901171,
       4.746451
      ],
      [
       -75.899862,
       4.747838
      ],
      [
       -75.899276,
       4.747606
      ],
      [
       -75.89885,
       4.747499
      ],
      [
       -75.89874,
       4.74752
      ],
      [
       -75.898333,
       4.747788
      ],
      [
       -75.897815,
       4.747797
      ],
      [
       -75.89775,
       4.747966
      ],
      [
       -75.897872,
       4.748264
      ],
      [
       -75.897809,
       4.748304
      ],
      [
       -75.897538,
       4.74823
      ],
      [
       -75.897309,
       4.748334
      ],
      [
       -75.897387,
       4.748673
      ],
      [
       -75.897455,
       4.749512
      ],
      [
       -75.897265,
       4.749604
      ],
      [
       -75.897181,
       4.749717
      ],
      [
       -75.896987,
       4.749761
      ],
      [
       -75.896692,
       4.750089
      ],
      [
       -75.896021,
       4.750456
      ],
      [
       -75.895621,
       4.750898
      ],
      [
       -75.895631,
       4.751022
      ],
      [
       -75.895702,
       4.751103
      ],
      [
       -75.895992,
       4.751141
      ],
      [
       -75.896401,
       4.751374
      ],
      [
       -75.896578,
       4.751255
      ],
      [
       -75.896697,
       4.75125
      ],
      [
       -75.896768,
       4.751307
      ],
      [
       -75.896835,
       4.751479
      ],
      [
       -75.897062,
       4.751633
      ],
      [
       -75.896776,
       4.752465
      ],
      [
       -75.896563,
       4.752497
      ],
      [
       -75.896324,
       4.752654
      ],
      [
       -75.896385,
       4.752826
      ],
      [
       -75.896399,
       4.753175
      ],
      [
       -75.896502,
       4.753692
      ],
      [
       -75.896349,
       4.753914
      ],
      [
       -75.896464,
       4.754099
      ],
      [
       -75.896559,
       4.754538
      ],
      [
       -75.896133,
       4.754578
      ],
      [
       -75.896153,
       4.75466
      ],
      [
       -75.89693,
       4.754697
      ],
      [
       -75.897685,
       4.754612
      ],
      [
       -75.897805,
       4.754956
      ],
      [
       -75.897504,
       4.755274
      ],
      [
       -75.897373,
       4.755512
      ],
      [
       -75.897235,
       4.755591
      ],
      [
       -75.897556,
       4.756676
      ],
      [
       -75.89743,
       4.756882
      ],
      [
       -75.897343,
       4.756832
      ],
      [
       -75.897224,
       4.757009
      ],
      [
       -75.897019,
       4.756966
      ],
      [
       -75.896775,
       4.7571
      ],
      [
       -75.896597,
       4.75726
      ],
      [
       -75.896448,
       4.757608
      ],
      [
       -75.896817,
       4.758531
      ],
      [
       -75.897253,
       4.758728
      ],
      [
       -75.896787,
       4.758836
      ],
      [
       -75.895353,
       4.758202
      ],
      [
       -75.894309,
       4.757466
      ],
      [
       -75.893861,
       4.757235
      ],
      [
       -75.89274,
       4.75632
      ],
      [
       -75.89171,
       4.755622
      ],
      [
       -75.890634,
       4.755045
      ],
      [
       -75.889174,
       4.7547
      ],
      [
       -75.888816,
       4.754636
      ],
      [
       -75.888636,
       4.754681
      ],
      [
       -75.885512,
       4.758138
      ],
      [
       -75.885019,
       4.758541
      ],
      [
       -75.884603,
       4.758817
      ],
      [
       -75.883233,
       4.759214
      ],
      [
       -75.881805,
       4.759867
      ],
      [
       -75.881171,
       4.760264
      ],
      [
       -75.880685,
       4.760648
      ],
      [
       -75.880166,
       4.761166
      ],
      [
       -75.878476,
       4.763382
      ],
      [
       -75.878027,
       4.764464
      ],
      [
       -75.877938,
       4.76504
      ],
      [
       -75.87845,
       4.767031
      ],
      [
       -75.878405,
       4.767735
      ],
      [
       -75.878283,
       4.768497
      ],
      [
       -75.878098,
       4.768817
      ],
      [
       -75.877887,
       4.768971
      ],
      [
       -75.877438,
       4.769125
      ],
      [
       -75.876612,
       4.769304
      ],
      [
       -75.875889,
       4.769406
      ],
      [
       -75.875486,
       4.769374
      ],
      [
       -75.875172,
       4.769233
      ],
      [
       -75.874788,
       4.768875
      ],
      [
       -75.874525,
       4.768299
      ],
      [
       -75.874212,
       4.767242
      ],
      [
       -75.874032,
       4.766871
      ],
      [
       -75.873789,
       4.766653
      ],
      [
       -75.873347,
       4.766397
      ],
      [
       -75.87313,
       4.766429
      ],
      [
       -75.87272,
       4.766801
      ],
      [
       -75.872643,
       4.767191
      ],
      [
       -75.872726,
       4.768119
      ],
      [
       -75.873053,
       4.769125
      ],
      [
       -75.873706,
       4.770322
      ],
      [
       -75.873885,
       4.77102
      ],
      [
       -75.873834,
       4.771487
      ],
      [
       -75.873296,
       4.773241
      ],
      [
       -75.872624,
       4.77456
      ],
      [
       -75.872003,
       4.775303
      ],
      [
       -75.871327,
       4.775984
      ],
      [
       -75.870955,
       4.776245
      ],
      [
       -75.870678,
       4.776356
      ],
      [
       -75.870418,
       4.776352
      ],
      [
       -75.870184,
       4.776253
      ],
      [
       -75.869951,
       4.776107
      ],
      [
       -75.869618,
       4.775597
      ],
      [
       -75.869545,
       4.775286
      ],
      [
       -75.869594,
       4.774787
      ],
      [
       -75.869831,
       4.774092
      ],
      [
       -75.869953,
       4.773348
      ],
      [
       -75.869912,
       4.772996
      ],
      [
       -75.869831,
       4.772817
      ],
      [
       -75.869667,
       4.772751
      ],
      [
       -75.869348,
       4.772776
      ],
      [
       -75.867517,
       4.773242
      ],
      [
       -75.866372,
       4.773438
      ],
      [
       -75.865702,
       4.77343
      ],
      [
       -75.865235,
       4.773324
      ],
      [
       -75.864753,
       4.773136
      ],
      [
       -75.864279,
       4.773086
      ],
      [
       -75.863796,
       4.773176
      ],
      [
       -75.863224,
       4.773454
      ],
      [
       -75.86248,
       4.773585
      ],
      [
       -75.862218,
       4.773683
      ],
      [
       -75.86203,
       4.773961
      ],
      [
       -75.861499,
       4.774395
      ],
      [
       -75.861262,
       4.774452
      ],
      [
       -75.860657,
       4.774387
      ],
      [
       -75.859664,
       4.774782
      ],
      [
       -75.858997,
       4.775377
      ],
      [
       -75.857538,
       4.776398
      ],
      [
       -75.856588,
       4.777293
      ],
      [
       -75.85609,
       4.777691
      ],
      [
       -75.855593,
       4.778012
      ],
      [
       -75.85514,
       4.778188
      ],
      [
       -75.85409,
       4.778392
      ],
      [
       -75.853292,
       4.778654
      ],
      [
       -75.852775,
       4.778755
      ],
      [
       -75.852293,
       4.778725
      ],
      [
       -75.851972,
       4.778654
      ],
      [
       -75.85168,
       4.778523
      ],
      [
       -75.851038,
       4.778112
      ]
     ]
    ]
   },
   "properties": {
    "clase": "seccion_rural",
    "codigo": "76147300201",
    "area_km2": 25.45,
    "cnpv2018_personas": 170,
    "cnpv2018_centros_poblados": 0,
    "cnpv2018_rural_disperso": 170,
    "estimacion_2026": 276,
    "anio": 2026,
    "factor": 1.62606,
    "fuente": "DANE, MGN 2018 integrado con el CNPV 2018 (sección rural)",
    "url": "https://geoportal.dane.gov.co/mparcgis/rest/services/MGN2018/Serv_CapaSeccionRuralInt_2018/MapServer/0"
   }
  },
  {
   "type": "Feature",
   "geometry": {
    "type": "Polygon",
    "coordinates": [
     [
      [
       -75.857567,
       4.711771
      ],
      [
       -75.857763,
       4.711832
      ],
      [
       -75.85791,
       4.711434
      ],
      [
       -75.858629,
       4.711168
      ],
      [
       -75.858663,
       4.710995
      ],
      [
       -75.85859,
       4.710798
      ],
      [
       -75.858633,
       4.710669
      ],
      [
       -75.858569,
       4.710245
      ],
      [
       -75.85882,
       4.709976
      ],
      [
       -75.859294,
       4.709595
      ],
      [
       -75.85931,
       4.709536
      ],
      [
       -75.859234,
       4.709438
      ],
      [
       -75.859291,
       4.709291
      ],
      [
       -75.859229,
       4.709198
      ],
      [
       -75.859248,
       4.709062
      ],
      [
       -75.858105,
       4.708921
      ],
      [
       -75.858127,
       4.708598
      ],
      [
       -75.857996,
       4.708348
      ],
      [
       -75.857869,
       4.708295
      ],
      [
       -75.857506,
       4.70834
      ],
      [
       -75.857399,
       4.708267
      ],
      [
       -75.857105,
       4.708369
      ],
      [
       -75.85685,
       4.70852
      ],
      [
       -75.856783,
       4.708512
      ],
      [
       -75.856397,
       4.708153
      ],
      [
       -75.854077,
       4.708023
      ],
      [
       -75.853434,
       4.70782
      ],
      [
       -75.853149,
       4.707463
      ],
      [
       -75.853018,
       4.70713
      ],
      [
       -75.852827,
       4.706345
      ],
      [
       -75.852842,
       4.705155
      ],
      [
       -75.853466,
       4.705291
      ],
      [
       -75.853598,
       4.705275
      ],
      [
       -75.854433,
       4.705001
      ],
      [
       -75.85531,
       4.704614
      ],
      [
       -75.855957,
       4.704495
      ],
      [
       -75.856598,
       4.704531
      ],
      [
       -75.856837,
       4.704646
      ],
      [
       -75.857221,
       4.70471
      ],
      [
       -75.857376,
       4.704642
      ],
      [
       -75.857709,
       4.704253
      ],
      [
       -75.857881,
       4.703811
      ],
      [
       -75.85803,
       4.703686
      ],
      [
       -75.85815,
       4.703703
      ],
      [
       -75.858271,
       4.703618
      ],
      [
       -75.858495,
       4.703257
      ],
      [
       -75.858884,
       4.703063
      ],
      [
       -75.85925,
       4.702989
      ],
      [
       -75.859519,
       4.703116
      ],
      [
       -75.860039,
       4.703198
      ],
      [
       -75.861408,
       4.702815
      ],
      [
       -75.86144,
       4.702532
      ],
      [
       -75.861521,
       4.702344
      ],
      [
       -75.861482,
       4.701983
      ],
      [
       -75.861516,
       4.701818
      ],
      [
       -75.861408,
       4.701469
      ],
      [
       -75.861219,
       4.70132
      ],
      [
       -75.861021,
       4.701028
      ],
      [
       -75.861021,
       4.700725
      ],
      [
       -75.861102,
       4.700359
      ],
      [
       -75.861204,
       4.700239
      ],
      [
       -75.861772,
       4.699846
      ],
      [
       -75.862595,
       4.69968
      ],
      [
       -75.863001,
       4.699424
      ],
      [
       -75.863145,
       4.699275
      ],
      [
       -75.863438,
       4.698687
      ],
      [
       -75.863754,
       4.697322
      ],
      [
       -75.863857,
       4.697143
      ],
      [
       -75.86459,
       4.69655
      ],
      [
       -75.8649,
       4.696167
      ],
      [
       -75.86502,
       4.695744
      ],
      [
       -75.86476,
       4.694121
      ],
      [
       -75.864772,
       4.693806
      ],
      [
       -75.865364,
       4.692383
      ],
      [
       -75.865537,
       4.691285
      ],
      [
       -75.865722,
       4.690474
      ],
      [
       -75.866112,
       4.689462
      ],
      [
       -75.866284,
       4.689212
      ],
      [
       -75.866639,
       4.688839
      ],
      [
       -75.86732,
       4.688406
      ],
      [
       -75.867371,
       4.688269
      ],
      [
       -75.867298,
       4.687903
      ],
      [
       -75.867132,
       4.687719
      ],
      [
       -75.86695,
       4.68764
      ],
      [
       -75.866716,
       4.687628
      ],
      [
       -75.86647,
       4.687553
      ],
      [
       -75.86583,
       4.687226
      ],
      [
       -75.865854,
       4.686449
      ],
      [
       -75.86554,
       4.686152
      ],
      [
       -75.865399,
       4.685911
      ],
      [
       -75.865136,
       4.685613
      ],
      [
       -75.864558,
       4.684168
      ],
      [
       -75.864411,
       4.68356
      ],
      [
       -75.863986,
       4.682811
      ],
      [
       -75.863435,
       4.682138
      ],
      [
       -75.863502,
       4.681938
      ],
      [
       -75.864046,
       4.681095
      ],
      [
       -75.864791,
       4.680301
      ],
      [
       -75.865223,
       4.680018
      ],
      [
       -75.865689,
       4.679903
      ],
      [
       -75.86678,
       4.678759
      ],
      [
       -75.867389,
       4.678329
      ],
      [
       -75.86799,
       4.67801
      ],
      [
       -75.868275,
       4.677747
      ],
      [
       -75.868967,
       4.676936
      ],
      [
       -75.870288,
       4.675657
      ],
      [
       -75.8711,
       4.675103
      ],
      [
       -75.871661,
       4.674916
      ],
      [
       -75.872289,
       4.674884
      ],
      [
       -75.872711,
       4.67501
      ],
      [
       -75.873244,
       4.674519
      ],
      [
       -75.873661,
       4.674291
      ],
      [
       -75.874243,
       4.674362
      ],
      [
       -75.874666,
       4.674282
      ],
      [
       -75.875289,
       4.674244
      ],
      [
       -75.875894,
       4.67404
      ],
      [
       -75.876333,
       4.673988
      ],
      [
       -75.876739,
       4.673847
      ],
      [
       -75.877476,
       4.673694
      ],
      [
       -75.878133,
       4.673444
      ],
      [
       -75.878533,
       4.673359
      ],
      [
       -75.878871,
       4.673199
      ],
      [
       -75.879368,
       4.673183
      ],
      [
       -75.879841,
       4.673271
      ],
      [
       -75.880914,
       4.672034
      ],
      [
       -75.881319,
       4.671448
      ],
      [
       -75.882066,
       4.671022
      ],
      [
       -75.882333,
       4.671066
      ],
      [
       -75.882969,
       4.671486
      ],
      [
       -75.883179,
       4.671728
      ],
      [
       -75.88371,
       4.672141
      ],
      [
       -75.884445,
       4.672653
      ],
      [
       -75.884993,
       4.672946
      ],
      [
       -75.885603,
       4.673388
      ],
      [
       -75.886368,
       4.674214
      ],
      [
       -75.88708,
       4.675224
      ],
      [
       -75.887673,
       4.675643
      ],
      [
       -75.889786,
       4.676474
      ],
      [
       -75.889734,
       4.676728
      ],
      [
       -75.889825,
       4.677015
      ],
      [
       -75.890321,
       4.677849
      ],
      [
       -75.890366,
       4.678059
      ],
      [
       -75.890275,
       4.67857
      ],
      [
       -75.8901,
       4.679059
      ],
      [
       -75.889884,
       4.679266
      ],
      [
       -75.889652,
       4.679385
      ],
      [
       -75.889806,
       4.679495
      ],
      [
       -75.890144,
       4.679561
      ],
      [
       -75.889704,
       4.680223
      ],
      [
       -75.889533,
       4.680166
      ],
      [
       -75.889309,
       4.68055
      ],
      [
       -75.889225,
       4.680513
      ],
      [
       -75.889178,
       4.680579
      ],
      [
       -75.889075,
       4.680933
      ],
      [
       -75.889088,
       4.681185
      ],
      [
       -75.889039,
       4.681263
      ],
      [
       -75.888959,
       4.681258
      ],
      [
       -75.888914,
       4.681549
      ],
      [
       -75.88853,
       4.68151
      ],
      [
       -75.888563,
       4.681723
      ],
      [
       -75.888637,
       4.68179
      ],
      [
       -75.888536,
       4.681802
      ],
      [
       -75.888547,
       4.681947
      ],
      [
       -75.88867,
       4.681936
      ],
      [
       -75.888744,
       4.681859
      ],
      [
       -75.888984,
       4.681862
      ],
      [
       -75.888845,
       4.682484
      ],
      [
       -75.889141,
       4.682496
      ],
      [
       -75.888973,
       4.683179
      ],
      [
       -75.888655,
       4.683599
      ],
      [
       -75.888921,
       4.683797
      ],
      [
       -75.888788,
       4.683775
      ],
      [
       -75.888708,
       4.684063
      ],
      [
       -75.888915,
       4.684565
      ],
      [
       -75.888984,
       4.685012
      ],
      [
       -75.888954,
       4.685094
      ],
      [
       -75.888754,
       4.685279
      ],
      [
       -75.888264,
       4.685508
      ],
      [
       -75.887922,
       4.685611
      ],
      [
       -75.887864,
       4.685715
      ],
      [
       -75.889047,
       4.685699
      ],
      [
       -75.889062,
       4.686003
      ],
      [
       -75.889229,
       4.686427
      ],
      [
       -75.889832,
       4.686919
      ],
      [
       -75.890023,
       4.687337
      ],
      [
       -75.890122,
       4.687692
      ],
      [
       -75.890641,
       4.688201
      ],
      [
       -75.890626,
       4.688836
      ],
      [
       -75.89074,
       4.689162
      ],
      [
       -75.891029,
       4.689391
      ],
      [
       -75.891358,
       4.689529
      ],
      [
       -75.89222,
       4.689587
      ],
      [
       -75.892388,
       4.689656
      ],
      [
       -75.892464,
       4.689742
      ],
      [
       -75.89251,
       4.689861
      ],
      [
       -75.892464,
       4.690079
      ],
      [
       -75.891953,
       4.69064
      ],
      [
       -75.89119,
       4.691354
      ],
      [
       -75.891129,
       4.691503
      ],
      [
       -75.891137,
       4.691801
      ],
      [
       -75.89119,
       4.691961
      ],
      [
       -75.891022,
       4.693053
      ],
      [
       -75.891023,
       4.69339
      ],
      [
       -75.893597,
       4.695652
      ],
      [
       -75.894192,
       4.695664
      ],
      [
       -75.894625,
       4.695916
      ],
      [
       -75.894723,
       4.696099
      ],
      [
       -75.895001,
       4.696402
      ],
      [
       -75.89575,
       4.696906
      ],
      [
       -75.896109,
       4.697364
      ],
      [
       -75.896577,
       4.697833
      ],
      [
       -75.897279,
       4.698275
      ],
      [
       -75.897524,
       4.698498
      ],
      [
       -75.897741,
       4.698829
      ],
      [
       -75.898181,
       4.699099
      ],
      [
       -75.898426,
       4.699196
      ],
      [
       -75.898741,
       4.699219
      ],
      [
       -75.898918,
       4.699168
      ],
      [
       -75.899411,
       4.698825
      ],
      [
       -75.900028,
       4.698694
      ],
      [
       -75.900165,
       4.698724
      ],
      [
       -75.900537,
       4.69908
      ],
      [
       -75.900414,
       4.699507
      ],
      [
       -75.899773,
       4.700595
      ],
      [
       -75.899743,
       4.700806
      ],
      [
       -75.899979,
       4.701522
      ],
      [
       -75.900117,
       4.702139
      ],
      [
       -75.900147,
       4.702643
      ],
      [
       -75.900116,
       4.703095
      ],
      [
       -75.900047,
       4.703335
      ],
      [
       -75.899483,
       4.70489
      ],
      [
       -75.899498,
       4.70544
      ],
      [
       -75.899963,
       4.707333
      ],
      [
       -75.900055,
       4.707894
      ],
      [
       -75.900406,
       4.70873
      ],
      [
       -75.900528,
       4.708896
      ],
      [
       -75.900856,
       4.709102
      ],
      [
       -75.901161,
       4.70917
      ],
      [
       -75.901626,
       4.709165
      ],
      [
       -75.902245,
       4.709234
      ],
      [
       -75.90242,
       4.709349
      ],
      [
       -75.90255,
       4.709755
      ],
      [
       -75.902405,
       4.709927
      ],
      [
       -75.901596,
       4.710213
      ],
      [
       -75.901238,
       4.710435
      ],
      [
       -75.901146,
       4.71059
      ],
      [
       -75.901131,
       4.71091
      ],
      [
       -75.901222,
       4.711076
      ],
      [
       -75.90152,
       4.711357
      ],
      [
       -75.901336,
       4.711442
      ],
      [
       -75.900887,
       4.711475
      ],
      [
       -75.900688,
       4.711624
      ],
      [
       -75.900405,
       4.711676
      ],
      [
       -75.900399,
       4.712309
      ],
      [
       -75.900513,
       4.712262
      ],
      [
       -75.901146,
       4.712395
      ],
      [
       -75.901593,
       4.712356
      ],
      [
       -75.902085,
       4.712104
      ],
      [
       -75.902263,
       4.711864
      ],
      [
       -75.902423,
       4.711773
      ],
      [
       -75.902704,
       4.711493
      ],
      [
       -75.902852,
       4.711442
      ],
      [
       -75.903864,
       4.711374
      ],
      [
       -75.904179,
       4.711312
      ],
      [
       -75.904322,
       4.711215
      ],
      [
       -75.904969,
       4.710381
      ],
      [
       -75.90521,
       4.710301
      ],
      [
       -75.905352,
       4.710312
      ],
      [
       -75.905741,
       4.710473
      ],
      [
       -75.905992,
       4.710737
      ],
      [
       -75.906689,
       4.710869
      ],
      [
       -75.907358,
       4.710772
      ],
      [
       -75.908015,
       4.710762
      ],
      [
       -75.908547,
       4.710579
      ],
      [
       -75.90896,
       4.710276
      ],
      [
       -75.909126,
       4.710094
      ],
      [
       -75.90943,
       4.709596
      ],
      [
       -75.909745,
       4.709203
      ],
      [
       -75.910426,
       4.708569
      ],
      [
       -75.910747,
       4.708129
      ],
      [
       -75.911108,
       4.707752
      ],
      [
       -75.911697,
       4.707535
      ],
      [
       -75.911886,
       4.707421
      ],
      [
       -75.911932,
       4.707221
      ],
      [
       -75.911659,
       4.706375
      ],
      [
       -75.911642,
       4.70606
      ],
      [
       -75.91206,
       4.70526
      ],
      [
       -75.912278,
       4.704992
      ],
      [
       -75.912587,
       4.704838
      ],
      [
       -75.913125,
       4.704719
      ],
      [
       -75.913526,
       4.704536
      ],
      [
       -75.913761,
       4.704405
      ],
      [
       -75.914156,
       4.703925
      ],
      [
       -75.915191,
       4.703423
      ],
      [
       -75.916159,
       4.702309
      ],
      [
       -75.916543,
       4.701932
      ],
      [
       -75.916978,
       4.701761
      ],
      [
       -75.917321,
       4.701448
      ],
      [
       -75.917384,
       4.701316
      ],
      [
       -75.917414,
       4.701013
      ],
      [
       -75.916797,
       4.700509
      ],
      [
       -75.916781,
       4.700301
      ],
      [
       -75.916925,
       4.700396
      ],
      [
       -75.917379,
       4.700897
      ],
      [
       -75.917588,
       4.700825
      ],
      [
       -75.917726,
       4.700719
      ],
      [
       -75.917731,
       4.700585
      ],
      [
       -75.917616,
       4.700265
      ],
      [
       -75.917639,
       4.700136
      ],
      [
       -75.917669,
       4.700162
      ],
      [
       -75.917809,
       4.700095
      ],
      [
       -75.918076,
       4.700091
      ],
      [
       -75.919458,
       4.700564
      ],
      [
       -75.920693,
       4.700696
      ],
      [
       -75.920832,
       4.701076
      ],
      [
       -75.921033,
       4.702099
      ],
      [
       -75.920951,
       4.702777
      ],
      [
       -75.920979,
       4.703531
      ],
      [
       -75.921434,
       4.703975
      ],
      [
       -75.921954,
       4.704268
      ],
      [
       -75.922187,
       4.704549
      ],
      [
       -75.922249,
       4.704688
      ],
      [
       -75.922365,
       4.705417
      ],
      [
       -75.922631,
       4.705755
      ],
      [
       -75.921307,
       4.70866
      ],
      [
       -75.920992,
       4.70917
      ],
      [
       -75.920403,
       4.709901
      ],
      [
       -75.920253,
       4.710152
      ],
      [
       -75.919536,
       4.712164
      ],
      [
       -75.919177,
       4.71339
      ],
      [
       -75.919007,
       4.716889
      ],
      [
       -75.915926,
       4.715284
      ],
      [
       -75.91259,
       4.713445
      ],
      [
       -75.912383,
       4.71433
      ],
      [
       -75.912098,
       4.714529
      ],
      [
       -75.911776,
       4.714595
      ],
      [
       -75.91155,
       4.714721
      ],
      [
       -75.911235,
       4.714979
      ],
      [
       -75.911034,
       4.715386
      ],
      [
       -75.910726,
       4.716224
      ],
      [
       -75.910303,
       4.716097
      ],
      [
       -75.910435,
       4.716425
      ],
      [
       -75.91037,
       4.71676
      ],
      [
       -75.910585,
       4.716921
      ],
      [
       -75.910764,
       4.716963
      ],
      [
       -75.910919,
       4.717153
      ],
      [
       -75.910967,
       4.71741
      ],
      [
       -75.91092,
       4.717578
      ],
      [
       -75.910951,
       4.718008
      ],
      [
       -75.910868,
       4.718176
      ],
      [
       -75.91025,
       4.718716
      ],
      [
       -75.91012,
       4.719176
      ],
      [
       -75.910122,
       4.719822
      ],
      [
       -75.910086,
       4.719948
      ],
      [
       -75.909747,
       4.720253
      ],
      [
       -75.909772,
       4.720618
      ],
      [
       -75.909981,
       4.720707
      ],
      [
       -75.910392,
       4.7207
      ],
      [
       -75.910529,
       4.720795
      ],
      [
       -75.910769,
       4.721267
      ],
      [
       -75.911259,
       4.721714
      ],
      [
       -75.911491,
       4.721444
      ],
      [
       -75.911853,
       4.721198
      ],
      [
       -75.912366,
       4.721101
      ],
      [
       -75.912616,
       4.72116
      ],
      [
       -75.912897,
       4.721351
      ],
      [
       -75.913113,
       4.721595
      ],
      [
       -75.91395,
       4.722277
      ],
      [
       -75.914131,
       4.722313
      ],
      [
       -75.91413,
       4.722389
      ],
      [
       -75.913516,
       4.723211
      ],
      [
       -75.913035,
       4.723775
      ],
      [
       -75.912654,
       4.723956
      ],
      [
       -75.91228,
       4.723992
      ],
      [
       -75.912015,
       4.723974
      ],
      [
       -75.911616,
       4.723846
      ],
      [
       -75.911485,
       4.72416
      ],
      [
       -75.910592,
       4.72396
      ],
      [
       -75.910107,
       4.723955
      ],
      [
       -75.90986,
       4.723895
      ],
      [
       -75.909431,
       4.722829
      ],
      [
       -75.90886,
       4.722948
      ],
      [
       -75.908387,
       4.722782
      ],
      [
       -75.907169,
       4.723778
      ],
      [
       -75.906669,
       4.723599
      ],
      [
       -75.905942,
       4.723223
      ],
      [
       -75.905712,
       4.723214
      ],
      [
       -75.905502,
       4.723066
      ],
      [
       -75.905291,
       4.722796
      ],
      [
       -75.9049,
       4.722638
      ],
      [
       -75.904309,
       4.722635
      ],
      [
       -75.904028,
       4.722405
      ],
      [
       -75.903824,
       4.722541
      ],
      [
       -75.903874,
       4.722711
      ],
      [
       -75.904399,
       4.722765
      ],
      [
       -75.904252,
       4.723264
      ],
      [
       -75.904171,
       4.723325
      ],
      [
       -75.903799,
       4.723297
      ],
      [
       -75.90343,
       4.723763
      ],
      [
       -75.903155,
       4.724004
      ],
      [
       -75.903141,
       4.724277
      ],
      [
       -75.903538,
       4.724478
      ],
      [
       -75.903576,
       4.724409
      ],
      [
       -75.903947,
       4.72457
      ],
      [
       -75.904143,
       4.724813
      ],
      [
       -75.904168,
       4.724792
      ],
      [
       -75.904359,
       4.724944
      ],
      [
       -75.904525,
       4.72534
      ],
      [
       -75.905037,
       4.725471
      ],
      [
       -75.90556,
       4.725343
      ],
      [
       -75.904946,
       4.727862
      ],
      [
       -75.904791,
       4.727936
      ],
      [
       -75.904644,
       4.728085
      ],
      [
       -75.903899,
       4.727881
      ],
      [
       -75.903885,
       4.728028
      ],
      [
       -75.903762,
       4.728152
      ],
      [
       -75.903281,
       4.728309
      ],
      [
       -75.903205,
       4.728485
      ],
      [
       -75.902391,
       4.728409
      ],
      [
       -75.902006,
       4.730036
      ],
      [
       -75.901925,
       4.73017
      ],
      [
       -75.901649,
       4.730346
      ],
      [
       -75.901601,
       4.730536
      ],
      [
       -75.901691,
       4.730738
      ],
      [
       -75.901393,
       4.730978
      ],
      [
       -75.901245,
       4.731261
      ],
      [
       -75.901317,
       4.731503
      ],
      [
       -75.901536,
       4.731619
      ],
      [
       -75.901961,
       4.73215
      ],
      [
       -75.902929,
       4.732894
      ],
      [
       -75.901857,
       4.737754
      ],
      [
       -75.901679,
       4.737396
      ],
      [
       -75.901458,
       4.737228
      ],
      [
       -75.901179,
       4.737164
      ],
      [
       -75.90034,
       4.737218
      ],
      [
       -75.900115,
       4.737146
      ],
      [
       -75.899801,
       4.736911
      ],
      [
       -75.899587,
       4.736815
      ],
      [
       -75.899073,
       4.736825
      ],
      [
       -75.898902,
       4.736904
      ],
      [
       -75.898652,
       4.737136
      ],
      [
       -75.897271,
       4.738952
      ],
      [
       -75.896996,
       4.739088
      ],
      [
       -75.896639,
       4.73902
      ],
      [
       -75.896553,
       4.738938
      ],
      [
       -75.896464,
       4.738792
      ],
      [
       -75.896393,
       4.737996
      ],
      [
       -75.896261,
       4.737775
      ],
      [
       -75.896002,
       4.737501
      ],
      [
       -75.895899,
       4.737462
      ],
      [
       -75.895217,
       4.737491
      ],
      [
       -75.895003,
       4.737452
      ],
      [
       -75.894785,
       4.737027
      ],
      [
       -75.894374,
       4.736745
      ],
      [
       -75.894353,
       4.736525
      ],
      [
       -75.894395,
       4.736415
      ],
      [
       -75.894706,
       4.736163
      ],
      [
       -75.894913,
       4.735307
      ],
      [
       -75.894906,
       4.735117
      ],
      [
       -75.894689,
       4.734468
      ],
      [
       -75.89471,
       4.733915
      ],
      [
       -75.894635,
       4.733711
      ],
      [
       -75.894421,
       4.733636
      ],
      [
       -75.894068,
       4.733682
      ],
      [
       -75.893568,
       4.734032
      ],
      [
       -75.893378,
       4.734032
      ],
      [
       -75.893355,
       4.733764
      ],
      [
       -75.893446,
       4.733547
      ],
      [
       -75.893576,
       4.733444
      ],
      [
       -75.893957,
       4.733323
      ],
      [
       -75.894004,
       4.733157
      ],
      [
       -75.893759,
       4.733031
      ],
      [
       -75.893019,
       4.733094
      ],
      [
       -75.892867,
       4.733054
      ],
      [
       -75.892791,
       4.732968
      ],
      [
       -75.892775,
       4.732734
      ],
      [
       -75.892851,
       4.732602
      ],
      [
       -75.893156,
       4.732521
      ],
      [
       -75.893607,
       4.732522
      ],
      [
       -75.893699,
       4.732334
      ],
      [
       -75.893996,
       4.730864
      ],
      [
       -75.893958,
       4.730469
      ],
      [
       -75.89379,
       4.730114
      ],
      [
       -75.893523,
       4.729794
      ],
      [
       -75.893111,
       4.729592
      ],
      [
       -75.892935,
       4.728878
      ],
      [
       -75.892989,
       4.728603
      ],
      [
       -75.892959,
       4.728432
      ],
      [
       -75.89276,
       4.728009
      ],
      [
       -75.892623,
       4.727837
      ],
      [
       -75.892363,
       4.727728
      ],
      [
       -75.892196,
       4.727825
      ],
      [
       -75.892196,
       4.727784
      ],
      [
       -75.892127,
       4.727768
      ],
      [
       -75.890944,
       4.727807
      ],
      [
       -75.890433,
       4.727652
      ],
      [
       -75.890288,
       4.727508
      ],
      [
       -75.89025,
       4.727388
      ],
      [
       -75.890227,
       4.726799
      ],
      [
       -75.890151,
       4.726341
      ],
      [
       -75.889998,
       4.726083
      ],
      [
       -75.889495,
       4.725906
      ],
      [
       -75.888991,
       4.726112
      ],
      [
       -75.888548,
       4.726065
      ],
      [
       -75.887411,
       4.725532
      ],
      [
       -75.884176,
       4.724666
      ],
      [
       -75.882826,
       4.724493
      ],
      [
       -75.882415,
       4.724607
      ],
      [
       -75.881087,
       4.725213
      ],
      [
       -75.880468,
       4.725315
      ],
      [
       -75.879615,
       4.725863
      ],
      [
       -75.879546,
       4.726006
      ],
      [
       -75.879134,
       4.726189
      ],
      [
       -75.878019,
       4.726491
      ],
      [
       -75.87776,
       4.72672
      ],
      [
       -75.877371,
       4.726942
      ],
      [
       -75.876959,
       4.727273
      ],
      [
       -75.876524,
       4.727393
      ],
      [
       -75.874769,
       4.726894
      ],
      [
       -75.874106,
       4.726625
      ],
      [
       -75.873816,
       4.726356
      ],
      [
       -75.873587,
       4.725743
      ],
      [
       -75.872946,
       4.725944
      ],
      [
       -75.871939,
       4.726509
      ],
      [
       -75.871832,
       4.726634
      ],
      [
       -75.871687,
       4.726703
      ],
      [
       -75.871862,
       4.727212
      ],
      [
       -75.871847,
       4.727453
      ],
      [
       -75.87145,
       4.727859
      ],
      [
       -75.871252,
       4.728414
      ],
      [
       -75.871107,
       4.728533
      ],
      [
       -75.870985,
       4.728533
      ],
      [
       -75.870893,
       4.728602
      ],
      [
       -75.870459,
       4.729047
      ],
      [
       -75.869795,
       4.729326
      ],
      [
       -75.869223,
       4.729807
      ],
      [
       -75.868696,
       4.729716
      ],
      [
       -75.86849,
       4.729589
      ],
      [
       -75.868375,
       4.729314
      ],
      [
       -75.868269,
       4.728805
      ],
      [
       -75.86804,
       4.728302
      ],
      [
       -75.867544,
       4.728204
      ],
      [
       -75.866498,
       4.728197
      ],
      [
       -75.866163,
       4.72798
      ],
      [
       -75.866079,
       4.727867
      ],
      [
       -75.865903,
       4.727807
      ],
      [
       -75.864744,
       4.727819
      ],
      [
       -75.864477,
       4.727789
      ],
      [
       -75.864401,
       4.727737
      ],
      [
       -75.863844,
       4.727812
      ],
      [
       -75.863538,
       4.727989
      ],
      [
       -75.863271,
       4.728332
      ],
      [
       -75.863019,
       4.728521
      ],
      [
       -75.862844,
       4.728526
      ],
      [
       -75.862607,
       4.728446
      ],
      [
       -75.86231,
       4.728182
      ],
      [
       -75.862111,
       4.727839
      ],
      [
       -75.861638,
       4.7265
      ],
      [
       -75.861341,
       4.726299
      ],
      [
       -75.860883,
       4.726225
      ],
      [
       -75.860873,
       4.723029
      ],
      [
       -75.860632,
       4.722513
      ],
      [
       -75.860502,
       4.721885
      ],
      [
       -75.86051,
       4.721584
      ],
      [
       -75.86067,
       4.721352
      ],
      [
       -75.860838,
       4.721241
      ],
      [
       -75.861089,
       4.721178
      ],
      [
       -75.861235,
       4.721031
      ],
      [
       -75.861243,
       4.720562
      ],
      [
       -75.861318,
       4.720356
      ],
      [
       -75.861594,
       4.720088
      ],
      [
       -75.862005,
       4.719887
      ],
      [
       -75.862097,
       4.719693
      ],
      [
       -75.862081,
       4.719488
      ],
      [
       -75.861951,
       4.719166
      ],
      [
       -75.861745,
       4.718354
      ],
      [
       -75.861723,
       4.717449
      ],
      [
       -75.861639,
       4.717009
      ],
      [
       -75.861471,
       4.716941
      ],
      [
       -75.861311,
       4.717042
      ],
      [
       -75.860426,
       4.717836
      ],
      [
       -75.859587,
       4.718466
      ],
      [
       -75.858679,
       4.718473
      ],
      [
       -75.858412,
       4.718604
      ],
      [
       -75.858297,
       4.718612
      ],
      [
       -75.858144,
       4.718465
      ],
      [
       -75.857999,
       4.718205
      ],
      [
       -75.85803,
       4.718029
      ],
      [
       -75.858198,
       4.717754
      ],
      [
       -75.85832,
       4.717295
      ],
      [
       -75.858327,
       4.716788
      ],
      [
       -75.858252,
       4.716127
      ],
      [
       -75.858626,
       4.715653
      ],
      [
       -75.858747,
       4.715171
      ],
      [
       -75.858663,
       4.714871
      ],
      [
       -75.858671,
       4.714601
      ],
      [
       -75.858908,
       4.714148
      ],
      [
       -75.859212,
       4.713778
      ],
      [
       -75.859228,
       4.713643
      ],
      [
       -75.858732,
       4.713368
      ],
      [
       -75.858336,
       4.71325
      ],
      [
       -75.858084,
       4.713085
      ],
      [
       -75.857962,
       4.71274
      ],
      [
       -75.857954,
       4.712403
      ],
      [
       -75.858015,
       4.712137
      ],
      [
       -75.857543,
       4.711927
      ],
      [
       -75.857567,
       4.711771
      ]
     ],
     [
      [
       -75.889407,
       4.679626
      ],
      [
       -75.88935,
       4.679744
      ],
      [
       -75.889367,
       4.679937
      ],
      [
       -75.889439,
       4.680033
      ],
      [
       -75.889525,
       4.679985
      ],
      [
       -75.889488,
       4.679856
      ],
      [
       -75.889522,
       4.679631
      ],
      [
       -75.889407,
       4.679626
      ]
     ]
    ]
   },
   "properties": {
    "clase": "seccion_rural",
    "codigo": "76147300202",
    "area_km2": 26.29,
    "cnpv2018_personas": 435,
    "cnpv2018_centros_poblados": 69,
    "cnpv2018_rural_disperso": 366,
    "estimacion_2026": 707,
    "anio": 2026,
    "factor": 1.62606,
    "fuente": "DANE, MGN 2018 integrado con el CNPV 2018 (sección rural)",
    "url": "https://geoportal.dane.gov.co/mparcgis/rest/services/MGN2018/Serv_CapaSeccionRuralInt_2018/MapServer/0"
   }
  },
  {
   "type": "Feature",
   "geometry": {
    "type": "Polygon",
    "coordinates": [
     [
      [
       -75.95591,
       4.769875
      ],
      [
       -75.956073,
       4.767798
      ],
      [
       -75.956221,
       4.76602
      ],
      [
       -75.956373,
       4.764265
      ],
      [
       -75.957812,
       4.747793
      ],
      [
       -75.956499,
       4.747766
      ],
      [
       -75.955251,
       4.747997
      ],
      [
       -75.954577,
       4.748032
      ],
      [
       -75.954244,
       4.748222
      ],
      [
       -75.953125,
       4.749174
      ],
      [
       -75.952412,
       4.749573
      ],
      [
       -75.952209,
       4.749733
      ],
      [
       -75.952031,
       4.749983
      ],
      [
       -75.95168,
       4.750275
      ],
      [
       -75.950443,
       4.750727
      ],
      [
       -75.950021,
       4.750788
      ],
      [
       -75.948829,
       4.750667
      ],
      [
       -75.948258,
       4.750696
      ],
      [
       -75.947783,
       4.750792
      ],
      [
       -75.946919,
       4.751042
      ],
      [
       -75.94674,
       4.751243
      ],
      [
       -75.946139,
       4.751624
      ],
      [
       -75.945919,
       4.751612
      ],
      [
       -75.945526,
       4.751439
      ],
      [
       -75.944848,
       4.751249
      ],
      [
       -75.94436,
       4.751029
      ],
      [
       -75.944003,
       4.750946
      ],
      [
       -75.943129,
       4.750809
      ],
      [
       -75.942611,
       4.750856
      ],
      [
       -75.941775,
       4.750705
      ],
      [
       -75.940765,
       4.750642
      ],
      [
       -75.940283,
       4.750507
      ],
      [
       -75.939448,
       4.750114
      ],
      [
       -75.938895,
       4.749686
      ],
      [
       -75.938723,
       4.749184
      ],
      [
       -75.938138,
       4.748499
      ],
      [
       -75.937302,
       4.748127
      ],
      [
       -75.937202,
       4.748114
      ],
      [
       -75.936827,
       4.748247
      ],
      [
       -75.936617,
       4.74826
      ],
      [
       -75.936371,
       4.748227
      ],
      [
       -75.935923,
       4.748068
      ],
      [
       -75.936065,
       4.748002
      ],
      [
       -75.936409,
       4.747963
      ],
      [
       -75.936637,
       4.747991
      ],
      [
       -75.936729,
       4.747952
      ],
      [
       -75.937423,
       4.747123
      ],
      [
       -75.937713,
       4.746562
      ],
      [
       -75.937767,
       4.746339
      ],
      [
       -75.938439,
       4.745298
      ],
      [
       -75.938484,
       4.745155
      ],
      [
       -75.938827,
       4.744704
      ],
      [
       -75.939323,
       4.744515
      ],
      [
       -75.939522,
       4.744373
      ],
      [
       -75.939575,
       4.744012
      ],
      [
       -75.939697,
       4.743858
      ],
      [
       -75.939728,
       4.743721
      ],
      [
       -75.940155,
       4.743452
      ],
      [
       -75.941024,
       4.743075
      ],
      [
       -75.941269,
       4.742904
      ],
      [
       -75.941429,
       4.742714
      ],
      [
       -75.942589,
       4.742676
      ],
      [
       -75.944138,
       4.743227
      ],
      [
       -75.944413,
       4.743278
      ],
      [
       -75.944961,
       4.743227
      ],
      [
       -75.945244,
       4.743131
      ],
      [
       -75.945465,
       4.743113
      ],
      [
       -75.946205,
       4.742473
      ],
      [
       -75.946633,
       4.742188
      ],
      [
       -75.948388,
       4.741296
      ],
      [
       -75.948617,
       4.741228
      ],
      [
       -75.949089,
       4.740925
      ],
      [
       -75.949463,
       4.740828
      ],
      [
       -75.949753,
       4.740645
      ],
      [
       -75.950662,
       4.7404
      ],
      [
       -75.950859,
       4.740297
      ],
      [
       -75.951035,
       4.740325
      ],
      [
       -75.951074,
       4.739937
      ],
      [
       -75.951134,
       4.739913
      ],
      [
       -75.951218,
       4.739748
      ],
      [
       -75.951676,
       4.739241
      ],
      [
       -75.951897,
       4.739079
      ],
      [
       -75.951767,
       4.738907
      ],
      [
       -75.952104,
       4.738468
      ],
      [
       -75.9526,
       4.737535
      ],
      [
       -75.952729,
       4.737393
      ],
      [
       -75.95369,
       4.736694
      ],
      [
       -75.95395,
       4.736192
      ],
      [
       -75.954103,
       4.736066
      ],
      [
       -75.954384,
       4.735935
      ],
      [
       -75.954682,
       4.735546
      ],
      [
       -75.95527,
       4.734322
      ],
      [
       -75.955437,
       4.733395
      ],
      [
       -75.95511,
       4.733206
      ],
      [
       -75.954858,
       4.733166
      ],
      [
       -75.954744,
       4.733206
      ],
      [
       -75.954117,
       4.733807
      ],
      [
       -75.95398,
       4.733846
      ],
      [
       -75.953248,
       4.733754
      ],
      [
       -75.952813,
       4.733771
      ],
      [
       -75.952889,
       4.734143
      ],
      [
       -75.952866,
       4.73436
      ],
      [
       -75.952698,
       4.734503
      ],
      [
       -75.952576,
       4.734515
      ],
      [
       -75.952218,
       4.73468
      ],
      [
       -75.951967,
       4.734643
      ],
      [
       -75.952062,
       4.734217
      ],
      [
       -75.952028,
       4.733942
      ],
      [
       -75.952115,
       4.733554
      ],
      [
       -75.952063,
       4.733479
      ],
      [
       -75.949967,
       4.732259
      ],
      [
       -75.948391,
       4.731176
      ],
      [
       -75.947787,
       4.730416
      ],
      [
       -75.94777,
       4.730205
      ],
      [
       -75.948113,
       4.729764
      ],
      [
       -75.948303,
       4.729633
      ],
      [
       -75.94856,
       4.729644
      ],
      [
       -75.949028,
       4.729765
      ],
      [
       -75.949685,
       4.730161
      ],
      [
       -75.949799,
       4.730189
      ],
      [
       -75.950319,
       4.730247
      ],
      [
       -75.950828,
       4.730401
      ],
      [
       -75.950948,
       4.730408
      ],
      [
       -75.951176,
       4.7303
      ],
      [
       -75.951435,
       4.730008
      ],
      [
       -75.951715,
       4.729585
      ],
      [
       -75.952253,
       4.7291
      ],
      [
       -75.952586,
       4.7287
      ],
      [
       -75.952769,
       4.728551
      ],
      [
       -75.952929,
       4.72826
      ],
      [
       -75.952999,
       4.72778
      ],
      [
       -75.953183,
       4.727397
      ],
      [
       -75.953206,
       4.727232
      ],
      [
       -75.95295,
       4.726619
      ],
      [
       -75.95291,
       4.726363
      ],
      [
       -75.953225,
       4.725687
      ],
      [
       -75.95341,
       4.725144
      ],
      [
       -75.953656,
       4.724659
      ],
      [
       -75.953794,
       4.724505
      ],
      [
       -75.953948,
       4.724442
      ],
      [
       -75.954246,
       4.724168
      ],
      [
       -75.954796,
       4.723454
      ],
      [
       -75.954956,
       4.723152
      ],
      [
       -75.955696,
       4.7221
      ],
      [
       -75.956199,
       4.721672
      ],
      [
       -75.956331,
       4.721459
      ],
      [
       -75.956555,
       4.721317
      ],
      [
       -75.956789,
       4.721083
      ],
      [
       -75.957357,
       4.720448
      ],
      [
       -75.957545,
       4.720175
      ],
      [
       -75.958661,
       4.71981
      ],
      [
       -75.959015,
       4.719856
      ],
      [
       -75.959312,
       4.719965
      ],
      [
       -75.959798,
       4.71992
      ],
      [
       -75.95981,
       4.719846
      ],
      [
       -75.960273,
       4.719737
      ],
      [
       -75.960806,
       4.719172
      ],
      [
       -75.961703,
       4.718699
      ],
      [
       -75.96183,
       4.718705
      ],
      [
       -75.962361,
       4.718921
      ],
      [
       -75.96271,
       4.718899
      ],
      [
       -75.963573,
       4.718666
      ],
      [
       -75.965323,
       4.718782
      ],
      [
       -75.965563,
       4.718743
      ],
      [
       -75.967333,
       4.717791
      ],
      [
       -75.967524,
       4.717489
      ],
      [
       -75.967669,
       4.717351
      ],
      [
       -75.968158,
       4.717066
      ],
      [
       -75.968348,
       4.716877
      ],
      [
       -75.969424,
       4.716363
      ],
      [
       -75.970728,
       4.715592
      ],
      [
       -75.971179,
       4.715655
      ],
      [
       -75.971827,
       4.716044
      ],
      [
       -75.972835,
       4.716514
      ],
      [
       -75.973391,
       4.716697
      ],
      [
       -75.974047,
       4.716796
      ],
      [
       -75.987573,
       4.709529
      ],
      [
       -75.988377,
       4.710377
      ],
      [
       -75.989657,
       4.711562
      ],
      [
       -75.99163,
       4.713657
      ],
      [
       -75.992185,
       4.714069
      ],
      [
       -75.992773,
       4.714417
      ],
      [
       -75.992984,
       4.714926
      ],
      [
       -75.993116,
       4.715082
      ],
      [
       -75.993327,
       4.715254
      ],
      [
       -75.993835,
       4.715482
      ],
      [
       -75.994042,
       4.715682
      ],
      [
       -75.994606,
       4.716644
      ],
      [
       -75.99515,
       4.716742
      ],
      [
       -75.995869,
       4.717182
      ],
      [
       -75.996729,
       4.717419
      ],
      [
       -75.996993,
       4.717529
      ],
      [
       -75.997255,
       4.717827
      ],
      [
       -75.997769,
       4.717965
      ],
      [
       -75.9979,
       4.718154
      ],
      [
       -75.99794,
       4.718389
      ],
      [
       -75.998064,
       4.718647
      ],
      [
       -75.998196,
       4.718779
      ],
      [
       -75.998465,
       4.718917
      ],
      [
       -75.998678,
       4.719132
      ],
      [
       -75.998043,
       4.719561
      ],
      [
       -75.99741,
       4.720424
      ],
      [
       -75.996632,
       4.72072
      ],
      [
       -75.996151,
       4.720726
      ],
      [
       -75.995025,
       4.720372
      ],
      [
       -75.994375,
       4.720286
      ],
      [
       -75.992216,
       4.720319
      ],
      [
       -75.990758,
       4.720608
      ],
      [
       -75.991119,
       4.721517
      ],
      [
       -75.992031,
       4.721355
      ],
      [
       -75.992106,
       4.721159
      ],
      [
       -75.992299,
       4.721127
      ],
      [
       -75.992345,
       4.720959
      ],
      [
       -75.993116,
       4.72087
      ],
      [
       -75.994269,
       4.720827
      ],
      [
       -75.994283,
       4.720909
      ],
      [
       -75.99489,
       4.720906
      ],
      [
       -75.994864,
       4.721337
      ],
      [
       -75.995068,
       4.721381
      ],
      [
       -75.995098,
       4.721265
      ],
      [
       -75.99561,
       4.721365
      ],
      [
       -75.995605,
       4.721412
      ],
      [
       -75.996007,
       4.721453
      ],
      [
       -75.995919,
       4.722081
      ],
      [
       -75.996116,
       4.722327
      ],
      [
       -75.996235,
       4.722244
      ],
      [
       -75.996825,
       4.722197
      ],
      [
       -75.997282,
       4.72245
      ],
      [
       -75.997322,
       4.722542
      ],
      [
       -75.995999,
       4.723296
      ],
      [
       -75.994529,
       4.723831
      ],
      [
       -75.9939,
       4.723953
      ],
      [
       -75.99293,
       4.724045
      ],
      [
       -75.991852,
       4.72406
      ],
      [
       -75.990795,
       4.72416
      ],
      [
       -75.990474,
       4.724231
      ],
      [
       -75.990303,
       4.724452
      ],
      [
       -75.99026,
       4.725002
      ],
      [
       -75.990295,
       4.725923
      ],
      [
       -75.99041,
       4.726772
      ],
      [
       -75.990959,
       4.729014
      ],
      [
       -75.991338,
       4.730134
      ],
      [
       -75.99173,
       4.731005
      ],
      [
       -75.99233,
       4.732026
      ],
      [
       -75.992865,
       4.73259
      ],
      [
       -75.993758,
       4.733361
      ],
      [
       -75.995685,
       4.734874
      ],
      [
       -75.996185,
       4.735567
      ],
      [
       -75.996142,
       4.736116
      ],
      [
       -75.995985,
       4.736673
      ],
      [
       -75.9948,
       4.738636
      ],
      [
       -75.994271,
       4.739222
      ],
      [
       -75.993615,
       4.73975
      ],
      [
       -75.99283,
       4.740242
      ],
      [
       -75.990824,
       4.741249
      ],
      [
       -75.988654,
       4.742748
      ],
      [
       -75.987876,
       4.743205
      ],
      [
       -75.987147,
       4.743562
      ],
      [
       -75.986241,
       4.743833
      ],
      [
       -75.985341,
       4.743926
      ],
      [
       -75.984528,
       4.743912
      ],
      [
       -75.983928,
       4.743833
      ],
      [
       -75.982522,
       4.743533
      ],
      [
       -75.980337,
       4.742755
      ],
      [
       -75.979909,
       4.742684
      ],
      [
       -75.979495,
       4.742755
      ],
      [
       -75.978945,
       4.742991
      ],
      [
       -75.978481,
       4.74329
      ],
      [
       -75.978389,
       4.743483
      ],
      [
       -75.978203,
       4.745111
      ],
      [
       -75.978967,
       4.74793
      ],
      [
       -75.979188,
       4.74838
      ],
      [
       -75.98078,
       4.750022
      ],
      [
       -75.981501,
       4.750864
      ],
      [
       -75.981929,
       4.751407
      ],
      [
       -75.9826,
       4.752435
      ],
      [
       -75.983257,
       4.753156
      ],
      [
       -75.983828,
       4.753948
      ],
      [
       -75.984292,
       4.754612
      ],
      [
       -75.984635,
       4.755254
      ],
      [
       -75.984877,
       4.756061
      ],
      [
       -75.984963,
       4.756796
      ],
      [
       -75.984963,
       4.757439
      ],
      [
       -75.984849,
       4.758517
      ],
      [
       -75.984656,
       4.759309
      ],
      [
       -75.984542,
       4.759566
      ],
      [
       -75.984306,
       4.759802
      ],
      [
       -75.983814,
       4.760109
      ],
      [
       -75.9833,
       4.760365
      ],
      [
       -75.982322,
       4.760672
      ],
      [
       -75.981772,
       4.760965
      ],
      [
       -75.980666,
       4.761172
      ],
      [
       -75.978396,
       4.76175
      ],
      [
       -75.977332,
       4.761836
      ],
      [
       -75.975062,
       4.762143
      ],
      [
       -75.974156,
       4.762186
      ],
      [
       -75.972421,
       4.762371
      ],
      [
       -75.971322,
       4.762528
      ],
      [
       -75.970622,
       4.762664
      ],
      [
       -75.970065,
       4.762857
      ],
      [
       -75.969427,
       4.763205
      ],
      [
       -75.969014,
       4.763183
      ],
      [
       -75.968947,
       4.763127
      ],
      [
       -75.969159,
       4.762827
      ],
      [
       -75.969004,
       4.762916
      ],
      [
       -75.968766,
       4.762855
      ],
      [
       -75.968659,
       4.762877
      ],
      [
       -75.968471,
       4.763054
      ],
      [
       -75.968243,
       4.763176
      ],
      [
       -75.968175,
       4.763304
      ],
      [
       -75.968051,
       4.76333
      ],
      [
       -75.967364,
       4.763312
      ],
      [
       -75.966854,
       4.763196
      ],
      [
       -75.966852,
       4.763508
      ],
      [
       -75.967072,
       4.763515
      ],
      [
       -75.967074,
       4.763573
      ],
      [
       -75.96692,
       4.763568
      ],
      [
       -75.966619,
       4.763708
      ],
      [
       -75.966621,
       4.763611
      ],
      [
       -75.966087,
       4.763978
      ],
      [
       -75.965408,
       4.764141
      ],
      [
       -75.963393,
       4.763556
      ],
      [
       -75.962692,
       4.763269
      ],
      [
       -75.96067,
       4.762638
      ],
      [
       -75.959839,
       4.762442
      ],
      [
       -75.958206,
       4.761807
      ],
      [
       -75.956639,
       4.761412
      ],
      [
       -75.95591,
       4.769875
      ]
     ],
     [
      [
       -75.988793,
       4.72502
      ],
      [
       -75.988676,
       4.724455
      ],
      [
       -75.98868,
       4.724208
      ],
      [
       -75.989177,
       4.724278
      ],
      [
       -75.989205,
       4.724023
      ],
      [
       -75.988694,
       4.723923
      ],
      [
       -75.988673,
       4.724153
      ],
      [
       -75.98827,
       4.72418
      ],
      [
       -75.988053,
       4.724498
      ],
      [
       -75.987673,
       4.724536
      ],
      [
       -75.98714,
       4.724395
      ],
      [
       -75.986886,
       4.725011
      ],
      [
       -75.988793,
       4.72502
      ]
     ],
     [
      [
       -75.988529,
       4.723475
      ],
      [
       -75.989012,
       4.723633
      ],
      [
       -75.989185,
       4.722643
      ],
      [
       -75.989301,
       4.722522
      ],
      [
       -75.98952,
       4.722721
      ],
      [
       -75.989709,
       4.722415
      ],
      [
       -75.989433,
       4.722142
      ],
      [
       -75.989504,
       4.722055
      ],
      [
       -75.989413,
       4.721981
      ],
      [
       -75.989912,
       4.721381
      ],
      [
       -75.990208,
       4.720943
      ],
      [
       -75.990486,
       4.720675
      ],
      [
       -75.988905,
       4.719731
      ],
      [
       -75.988682,
       4.72015
      ],
      [
       -75.989025,
       4.720367
      ],
      [
       -75.988938,
       4.720696
      ],
      [
       -75.988972,
       4.720771
      ],
      [
       -75.988713,
       4.72118
      ],
      [
       -75.988686,
       4.721554
      ],
      [
       -75.98857,
       4.722071
      ],
      [
       -75.989099,
       4.722339
      ],
      [
       -75.988899,
       4.722666
      ],
      [
       -75.988199,
       4.722389
      ],
      [
       -75.988066,
       4.722643
      ],
      [
       -75.988637,
       4.722829
      ],
      [
       -75.988557,
       4.722997
      ],
      [
       -75.988378,
       4.722978
      ],
      [
       -75.988287,
       4.723169
      ],
      [
       -75.988314,
       4.723408
      ],
      [
       -75.9885,
       4.723469
      ],
      [
       -75.988509,
       4.723405
      ],
      [
       -75.988529,
       4.723475
      ]
     ]
    ]
   },
   "properties": {
    "clase": "seccion_rural",
    "codigo": "76147300102",
    "area_km2": 21.22,
    "cnpv2018_personas": 187,
    "cnpv2018_centros_poblados": 129,
    "cnpv2018_rural_disperso": 58,
    "estimacion_2026": 304,
    "anio": 2026,
    "factor": 1.62606,
    "fuente": "DANE, MGN 2018 integrado con el CNPV 2018 (sección rural)",
    "url": "https://geoportal.dane.gov.co/mparcgis/rest/services/MGN2018/Serv_CapaSeccionRuralInt_2018/MapServer/0"
   }
  },
  {
   "type": "Feature",
   "geometry": {
    "type": "Polygon",
    "coordinates": [
     [
      [
       -75.952103,
       4.80665
      ],
      [
       -75.951431,
       4.805818
      ],
      [
       -75.951226,
       4.804589
      ],
      [
       -75.950589,
       4.802937
      ],
      [
       -75.950213,
       4.800911
      ],
      [
       -75.949678,
       4.799965
      ],
      [
       -75.948789,
       4.798656
      ],
      [
       -75.948414,
       4.798269
      ],
      [
       -75.948083,
       4.798041
      ],
      [
       -75.947833,
       4.797722
      ],
      [
       -75.947491,
       4.797415
      ],
      [
       -75.946296,
       4.796663
      ],
      [
       -75.94518,
       4.796071
      ],
      [
       -75.944565,
       4.795832
      ],
      [
       -75.944155,
       4.795832
      ],
      [
       -75.943301,
       4.796196
      ],
      [
       -75.942526,
       4.796777
      ],
      [
       -75.941718,
       4.79713
      ],
      [
       -75.940796,
       4.797995
      ],
      [
       -75.939702,
       4.798861
      ],
      [
       -75.938632,
       4.799851
      ],
      [
       -75.938211,
       4.800387
      ],
      [
       -75.937596,
       4.80099
      ],
      [
       -75.937038,
       4.801924
      ],
      [
       -75.936833,
       4.802528
      ],
      [
       -75.936651,
       4.803552
      ],
      [
       -75.936377,
       4.804498
      ],
      [
       -75.936184,
       4.805466
      ],
      [
       -75.936104,
       4.806228
      ],
      [
       -75.935888,
       4.806966
      ],
      [
       -75.934746,
       4.806395
      ],
      [
       -75.934151,
       4.806169
      ],
      [
       -75.933497,
       4.806169
      ],
      [
       -75.931772,
       4.805955
      ],
      [
       -75.931291,
       4.805745
      ],
      [
       -75.930634,
       4.805279
      ],
      [
       -75.930539,
       4.805107
      ],
      [
       -75.930606,
       4.804888
      ],
      [
       -75.93112,
       4.803956
      ],
      [
       -75.93132,
       4.803518
      ],
      [
       -75.931434,
       4.803099
      ],
      [
       -75.931415,
       4.802233
      ],
      [
       -75.931253,
       4.801833
      ],
      [
       -75.93091,
       4.801376
      ],
      [
       -75.93052,
       4.801005
      ],
      [
       -75.92954,
       4.800463
      ],
      [
       -75.92895,
       4.80031
      ],
      [
       -75.928502,
       4.800263
      ],
      [
       -75.927998,
       4.800301
      ],
      [
       -75.927484,
       4.800434
      ],
      [
       -75.92678,
       4.800729
      ],
      [
       -75.926113,
       4.800939
      ],
      [
       -75.925057,
       4.801605
      ],
      [
       -75.924353,
       4.802271
      ],
      [
       -75.923915,
       4.802471
      ],
      [
       -75.923553,
       4.802519
      ],
      [
       -75.923248,
       4.802442
      ],
      [
       -75.922868,
       4.802195
      ],
      [
       -75.922259,
       4.801319
      ],
      [
       -75.921992,
       4.801043
      ],
      [
       -75.920869,
       4.80032
      ],
      [
       -75.92045,
       4.799854
      ],
      [
       -75.920584,
       4.799501
      ],
      [
       -75.92086,
       4.798274
      ],
      [
       -75.920869,
       4.797893
      ],
      [
       -75.920812,
       4.797493
      ],
      [
       -75.920517,
       4.797065
      ],
      [
       -75.91808,
       4.795171
      ],
      [
       -75.917652,
       4.794752
      ],
      [
       -75.917471,
       4.794486
      ],
      [
       -75.917443,
       4.79421
      ],
      [
       -75.917633,
       4.793534
      ],
      [
       -75.918204,
       4.791763
      ],
      [
       -75.918499,
       4.791126
      ],
      [
       -75.918804,
       4.790574
      ],
      [
       -75.919127,
       4.790126
      ],
      [
       -75.919508,
       4.789746
      ],
      [
       -75.920365,
       4.789079
      ],
      [
       -75.921098,
       4.788803
      ],
      [
       -75.921402,
       4.788775
      ],
      [
       -75.922439,
       4.789003
      ],
      [
       -75.923943,
       4.789165
      ],
      [
       -75.924657,
       4.789194
      ],
      [
       -75.92599,
       4.789108
      ],
      [
       -75.926694,
       4.788756
      ],
      [
       -75.927227,
       4.788347
      ],
      [
       -75.927941,
       4.787471
      ],
      [
       -75.928045,
       4.786966
      ],
      [
       -75.928074,
       4.786348
      ],
      [
       -75.928093,
       4.783616
      ],
      [
       -75.928017,
       4.783264
      ],
      [
       -75.927827,
       4.783083
      ],
      [
       -75.927589,
       4.78295
      ],
      [
       -75.927084,
       4.782988
      ],
      [
       -75.926656,
       4.78314
      ],
      [
       -75.926294,
       4.783169
      ],
      [
       -75.924867,
       4.782988
      ],
      [
       -75.924457,
       4.782836
      ],
      [
       -75.923972,
       4.78256
      ],
      [
       -75.922858,
       4.781617
      ],
      [
       -75.922439,
       4.78137
      ],
      [
       -75.922087,
       4.780951
      ],
      [
       -75.921745,
       4.779343
      ],
      [
       -75.921611,
       4.778591
      ],
      [
       -75.921583,
       4.778143
      ],
      [
       -75.921697,
       4.777829
      ],
      [
       -75.921916,
       4.777582
      ],
      [
       -75.922097,
       4.777487
      ],
      [
       -75.922592,
       4.777744
      ],
      [
       -75.923277,
       4.778419
      ],
      [
       -75.923972,
       4.778819
      ],
      [
       -75.924829,
       4.7794
      ],
      [
       -75.925447,
       4.779609
      ],
      [
       -75.926218,
       4.779742
      ],
      [
       -75.927208,
       4.779733
      ],
      [
       -75.928712,
       4.779352
      ],
      [
       -75.928883,
       4.779238
      ],
      [
       -75.928874,
       4.779057
      ],
      [
       -75.928598,
       4.778486
      ],
      [
       -75.928331,
       4.778105
      ],
      [
       -75.927979,
       4.777753
      ],
      [
       -75.927465,
       4.776868
      ],
      [
       -75.927417,
       4.776544
      ],
      [
       -75.927427,
       4.776097
      ],
      [
       -75.927538,
       4.774823
      ],
      [
       -75.927736,
       4.773869
      ],
      [
       -75.928844,
       4.772006
      ],
      [
       -75.929068,
       4.771545
      ],
      [
       -75.929241,
       4.770898
      ],
      [
       -75.929369,
       4.770085
      ],
      [
       -75.92942,
       4.769221
      ],
      [
       -75.929305,
       4.768696
      ],
      [
       -75.929074,
       4.768254
      ],
      [
       -75.92869,
       4.767978
      ],
      [
       -75.92796,
       4.767665
      ],
      [
       -75.927455,
       4.76753
      ],
      [
       -75.926872,
       4.767492
      ],
      [
       -75.926302,
       4.767658
      ],
      [
       -75.925387,
       4.768408
      ],
      [
       -75.923972,
       4.769746
      ],
      [
       -75.922781,
       4.770392
      ],
      [
       -75.922371,
       4.770456
      ],
      [
       -75.92159,
       4.77036
      ],
      [
       -75.921007,
       4.770162
      ],
      [
       -75.92045,
       4.769778
      ],
      [
       -75.91997,
       4.768933
      ],
      [
       -75.91974,
       4.768075
      ],
      [
       -75.920175,
       4.767633
      ],
      [
       -75.921218,
       4.766973
      ],
      [
       -75.922345,
       4.766173
      ],
      [
       -75.922806,
       4.765744
      ],
      [
       -75.923267,
       4.765065
      ],
      [
       -75.923587,
       4.7644
      ],
      [
       -75.924258,
       4.763563
      ],
      [
       -75.92461,
       4.76359
      ],
      [
       -75.924893,
       4.763554
      ],
      [
       -75.925128,
       4.763633
      ],
      [
       -75.925274,
       4.763758
      ],
      [
       -75.925388,
       4.763743
      ],
      [
       -75.925624,
       4.763433
      ],
      [
       -75.926393,
       4.763397
      ],
      [
       -75.926556,
       4.763335
      ],
      [
       -75.927711,
       4.762464
      ],
      [
       -75.927812,
       4.762329
      ],
      [
       -75.927935,
       4.761797
      ],
      [
       -75.928109,
       4.760731
      ],
      [
       -75.928625,
       4.760469
      ],
      [
       -75.929899,
       4.760753
      ],
      [
       -75.930135,
       4.760914
      ],
      [
       -75.930615,
       4.760206
      ],
      [
       -75.932335,
       4.761257
      ],
      [
       -75.931422,
       4.762536
      ],
      [
       -75.93103,
       4.763345
      ],
      [
       -75.930649,
       4.765039
      ],
      [
       -75.930183,
       4.764671
      ],
      [
       -75.92938,
       4.76561
      ],
      [
       -75.93074,
       4.767164
      ],
      [
       -75.931457,
       4.765761
      ],
      [
       -75.931503,
       4.765801
      ],
      [
       -75.931725,
       4.76552
      ],
      [
       -75.931844,
       4.765543
      ],
      [
       -75.931921,
       4.765618
      ],
      [
       -75.931916,
       4.765723
      ],
      [
       -75.932211,
       4.765793
      ],
      [
       -75.932246,
       4.765636
      ],
      [
       -75.932603,
       4.765732
      ],
      [
       -75.932613,
       4.7657
      ],
      [
       -75.933274,
       4.765917
      ],
      [
       -75.932846,
       4.767206
      ],
      [
       -75.934712,
       4.767046
      ],
      [
       -75.935157,
       4.767053
      ],
      [
       -75.935167,
       4.766943
      ],
      [
       -75.935304,
       4.766936
      ],
      [
       -75.935859,
       4.767366
      ],
      [
       -75.9379,
       4.765196
      ],
      [
       -75.93813,
       4.765324
      ],
      [
       -75.938544,
       4.765374
      ],
      [
       -75.938695,
       4.765333
      ],
      [
       -75.938761,
       4.764893
      ],
      [
       -75.938275,
       4.764781
      ],
      [
       -75.939509,
       4.763723
      ],
      [
       -75.939949,
       4.764139
      ],
      [
       -75.940016,
       4.764061
      ],
      [
       -75.94048,
       4.764439
      ],
      [
       -75.940826,
       4.764134
      ],
      [
       -75.941632,
       4.764535
      ],
      [
       -75.941658,
       4.764584
      ],
      [
       -75.940892,
       4.765827
      ],
      [
       -75.942393,
       4.766806
      ],
      [
       -75.943151,
       4.765462
      ],
      [
       -75.943236,
       4.765442
      ],
      [
       -75.944051,
       4.765918
      ],
      [
       -75.944883,
       4.766323
      ],
      [
       -75.94513,
       4.766627
      ],
      [
       -75.94628,
       4.766854
      ],
      [
       -75.946335,
       4.767033
      ],
      [
       -75.946998,
       4.767539
      ],
      [
       -75.947657,
       4.767751
      ],
      [
       -75.948282,
       4.768086
      ],
      [
       -75.949207,
       4.768986
      ],
      [
       -75.949573,
       4.769455
      ],
      [
       -75.949529,
       4.769508
      ],
      [
       -75.949583,
       4.769621
      ],
      [
       -75.949477,
       4.769698
      ],
      [
       -75.949514,
       4.76972
      ],
      [
       -75.949015,
       4.770659
      ],
      [
       -75.949078,
       4.770698
      ],
      [
       -75.949017,
       4.770827
      ],
      [
       -75.949527,
       4.771127
      ],
      [
       -75.949785,
       4.771445
      ],
      [
       -75.949994,
       4.77154
      ],
      [
       -75.950505,
       4.77208
      ],
      [
       -75.950967,
       4.771973
      ],
      [
       -75.95104,
       4.771844
      ],
      [
       -75.951144,
       4.771894
      ],
      [
       -75.951405,
       4.772187
      ],
      [
       -75.951443,
       4.772341
      ],
      [
       -75.951585,
       4.772555
      ],
      [
       -75.95156,
       4.772573
      ],
      [
       -75.951743,
       4.772823
      ],
      [
       -75.951803,
       4.772769
      ],
      [
       -75.952083,
       4.77317
      ],
      [
       -75.952323,
       4.772982
      ],
      [
       -75.952555,
       4.773359
      ],
      [
       -75.95272,
       4.773261
      ],
      [
       -75.952486,
       4.772863
      ],
      [
       -75.952214,
       4.772257
      ],
      [
       -75.95195,
       4.77184
      ],
      [
       -75.952416,
       4.771131
      ],
      [
       -75.952647,
       4.77086
      ],
      [
       -75.953223,
       4.770698
      ],
      [
       -75.954967,
       4.768672
      ],
      [
       -75.955909,
       4.769887
      ],
      [
       -75.956639,
       4.761412
      ],
      [
       -75.958206,
       4.761807
      ],
      [
       -75.959839,
       4.762442
      ],
      [
       -75.96067,
       4.762638
      ],
      [
       -75.962204,
       4.763109
      ],
      [
       -75.963393,
       4.763556
      ],
      [
       -75.96537,
       4.764141
      ],
      [
       -75.965637,
       4.764112
      ],
      [
       -75.966087,
       4.763978
      ],
      [
       -75.96564,
       4.764378
      ],
      [
       -75.965811,
       4.764459
      ],
      [
       -75.966133,
       4.764195
      ],
      [
       -75.966506,
       4.764109
      ],
      [
       -75.966589,
       4.764022
      ],
      [
       -75.966619,
       4.763708
      ],
      [
       -75.966743,
       4.763628
      ],
      [
       -75.96692,
       4.763568
      ],
      [
       -75.967074,
       4.763573
      ],
      [
       -75.967072,
       4.763515
      ],
      [
       -75.967782,
       4.763541
      ],
      [
       -75.967826,
       4.763969
      ],
      [
       -75.968018,
       4.764093
      ],
      [
       -75.968119,
       4.764092
      ],
      [
       -75.968366,
       4.763783
      ],
      [
       -75.968373,
       4.763502
      ],
      [
       -75.968549,
       4.76347
      ],
      [
       -75.968672,
       4.763484
      ],
      [
       -75.968708,
       4.76353
      ],
      [
       -75.96879,
       4.763479
      ],
      [
       -75.968757,
       4.763419
      ],
      [
       -75.968947,
       4.763127
      ],
      [
       -75.969014,
       4.763183
      ],
      [
       -75.969427,
       4.763205
      ],
      [
       -75.96923,
       4.763335
      ],
      [
       -75.96873,
       4.763942
      ],
      [
       -75.967738,
       4.765905
      ],
      [
       -75.967224,
       4.767076
      ],
      [
       -75.966739,
       4.768832
      ],
      [
       -75.96671,
       4.769538
      ],
      [
       -75.966979,
       4.774552
      ],
      [
       -75.96714,
       4.774986
      ],
      [
       -75.967425,
       4.775307
      ],
      [
       -75.967901,
       4.775521
      ],
      [
       -75.969025,
       4.775855
      ],
      [
       -75.969983,
       4.776015
      ],
      [
       -75.970357,
       4.776302
      ],
      [
       -75.970642,
       4.776963
      ],
      [
       -75.971017,
       4.77743
      ],
      [
       -75.971393,
       4.778011
      ],
      [
       -75.972771,
       4.779206
      ],
      [
       -75.973215,
       4.780117
      ],
      [
       -75.973363,
       4.781575
      ],
      [
       -75.973249,
       4.782395
      ],
      [
       -75.972817,
       4.783693
      ],
      [
       -75.972418,
       4.78449
      ],
      [
       -75.971697,
       4.785308
      ],
      [
       -75.971461,
       4.785334
      ],
      [
       -75.97071,
       4.785275
      ],
      [
       -75.970062,
       4.785169
      ],
      [
       -75.969167,
       4.78482
      ],
      [
       -75.968025,
       4.784288
      ],
      [
       -75.967886,
       4.784171
      ],
      [
       -75.963957,
       4.782862
      ],
      [
       -75.960313,
       4.781917
      ],
      [
       -75.958332,
       4.781325
      ],
      [
       -75.957535,
       4.781233
      ],
      [
       -75.957011,
       4.781233
      ],
      [
       -75.955941,
       4.781484
      ],
      [
       -75.955007,
       4.781541
      ],
      [
       -75.954734,
       4.78162
      ],
      [
       -75.954381,
       4.781928
      ],
      [
       -75.954141,
       4.782543
      ],
      [
       -75.954164,
       4.784217
      ],
      [
       -75.95429,
       4.784615
      ],
      [
       -75.954699,
       4.785492
      ],
      [
       -75.955314,
       4.787018
      ],
      [
       -75.956214,
       4.789421
      ],
      [
       -75.956749,
       4.790377
      ],
      [
       -75.957922,
       4.79212
      ],
      [
       -75.958651,
       4.793019
      ],
      [
       -75.962443,
       4.796162
      ],
      [
       -75.963263,
       4.797472
      ],
      [
       -75.963729,
       4.798451
      ],
      [
       -75.964071,
       4.799738
      ],
      [
       -75.964105,
       4.800296
      ],
      [
       -75.963991,
       4.800899
      ],
      [
       -75.963729,
       4.801685
      ],
      [
       -75.963308,
       4.802562
      ],
      [
       -75.962796,
       4.80337
      ],
      [
       -75.961759,
       4.805317
      ],
      [
       -75.96135,
       4.806194
      ],
      [
       -75.961042,
       4.806479
      ],
      [
       -75.960689,
       4.806661
      ],
      [
       -75.95971,
       4.807048
      ],
      [
       -75.959015,
       4.807219
      ],
      [
       -75.957546,
       4.807424
      ],
      [
       -75.954585,
       4.807583
      ],
      [
       -75.953447,
       4.807527
      ],
      [
       -75.952798,
       4.807413
      ],
      [
       -75.952502,
       4.807231
      ],
      [
       -75.952103,
       4.80665
      ]
     ],
     [
      [
       -75.965178,
       4.764315
      ],
      [
       -75.965534,
       4.764476
      ],
      [
       -75.965543,
       4.764309
      ],
      [
       -75.965585,
       4.764317
      ],
      [
       -75.965601,
       4.76424
      ],
      [
       -75.965143,
       4.764132
      ],
      [
       -75.965122,
       4.764249
      ],
      [
       -75.965178,
       4.764315
      ]
     ]
    ]
   },
   "properties": {
    "clase": "seccion_rural",
    "codigo": "76147300101",
    "area_km2": 18.23,
    "cnpv2018_personas": 208,
    "cnpv2018_centros_poblados": 106,
    "cnpv2018_rural_disperso": 102,
    "estimacion_2026": 338,
    "anio": 2026,
    "factor": 1.62606,
    "fuente": "DANE, MGN 2018 integrado con el CNPV 2018 (sección rural)",
    "url": "https://geoportal.dane.gov.co/mparcgis/rest/services/MGN2018/Serv_CapaSeccionRuralInt_2018/MapServer/0"
   }
  }
 ],
 "atribucion": "Fuente: Departamento Administrativo Nacional de Estadística: www.dane.gov.co",
 "nota": "Geometrías del MGN 2018 simplificadas a ≈ 3 m para la web; los cálculos usan las originales."
}